Account,datetime,Closed PnL,Size USD,Side,pnl_zscore
0x083384f897ee0f19899168e3b1bec365f52a9012,2025-02-19 21:20:00,135329.0901,292870.12,BUY,147.17780443701506
0x083384f897ee0f19899168e3b1bec365f52a9012,2024-10-27 03:33:20,-117990.1041,814524.17,BUY,-128.41998398642278
0x083384f897ee0f19899168e3b1bec365f52a9012,2025-02-19 21:20:00,115287.0,685200.0,BUY,125.37307809408212
0x8170715b3b381dffb7062c0298972d4727a0a63b,2025-06-15 15:06:40,-83056.32,214400.0,BUY,-90.41388788451968
0x083384f897ee0f19899168e3b1bec365f52a9012,2025-02-19 21:20:00,78682.72032,170279.86,BUY,85.54957179208321
0x72743ae2822edd658c0c50608fd7c5c501b2afbd,2025-02-19 21:20:00,74530.52371,921670.14,BUY,81.03220307697582
0x083384f897ee0f19899168e3b1bec365f52a9012,2025-02-19 21:20:00,72377.74821,156635.06,BUY,78.6900980160236
0x083384f897ee0f19899168e3b1bec365f52a9012,2025-02-19 21:20:00,71535.71674,301855.74,BUY,77.77401263351713
0xbaaaf6571ab7d571043ff1e313a9609a10637864,2025-02-19 21:20:00,68959.00212,1120971.6,SELL,74.97068439416677
0x083384f897ee0f19899168e3b1bec365f52a9012,2025-02-19 21:20:00,50379.05774,175555.89,BUY,54.756694702901264
0xb1231a4a2dd02f2276fa3c5e2a2f3436e6bfed23,2025-02-19 21:20:00,48504.09555,60179.92,BUY,52.716835723507884
0x083384f897ee0f19899168e3b1bec365f52a9012,2025-02-19 21:20:00,47883.62595,785654.97,BUY,52.04179785247721
0xb1231a4a2dd02f2276fa3c5e2a2f3436e6bfed23,2024-10-27 03:33:20,44223.45187,44223.48,SELL,48.05972343889614
0x083384f897ee0f19899168e3b1bec365f52a9012,2025-02-19 21:20:00,42854.74279,149335.91,BUY,46.57064087397506
0x8170715b3b381dffb7062c0298972d4727a0a63b,2025-06-15 15:06:40,-41910.06915,115769.55,BUY,-45.64895891027459
0x083384f897ee0f19899168e3b1bec365f52a9012,2025-02-19 21:20:00,39686.70434,449996.97,BUY,43.12398380869526
0x72743ae2822edd658c0c50608fd7c5c501b2afbd,2025-02-19 21:20:00,-35681.74723,237538.13,BUY,-38.8728764576121
0x083384f897ee0f19899168e3b1bec365f52a9012,2025-02-19 21:20:00,34903.8171,421876.17,BUY,37.92045728641376
0x8170715b3b381dffb7062c0298972d4727a0a63b,2025-06-15 15:06:40,-34338.53409,95737.6,BUY,-37.41153211718667
0x083384f897ee0f19899168e3b1bec365f52a9012,2025-02-19 21:20:00,33085.4844,163452.17,BUY,35.94220817536389
0xbd5fead7180a9c139fa51a103cb6a2ce86ddb5c3,2025-02-19 21:20:00,32783.52937,130862.12,BUY,35.613697188527134
0x72743ae2822edd658c0c50608fd7c5c501b2afbd,2024-10-27 03:33:20,32004.8836,144969.09,BUY,34.766572070926145
0x39cef799f8b69da1995852eea189df24eb5cae3c,2025-02-19 21:20:00,-31036.69194,80252.78,SELL,-33.81930375432189
0x430f09841d65beb3f27765503d0f850b8bce7713,2024-10-27 03:33:20,29999.90625,30000.0,SELL,32.585263523644
0x513b8629fe877bb581bf244e326a047b249c4ff1,2025-02-19 21:20:00,-29370.1198,373314.16,BUY,-32.00616204793589
0xbaaaf6571ab7d571043ff1e313a9609a10637864,2025-02-19 21:20:00,28493.52965,390020.33,SELL,30.946406030812067
0x72c6a4624e1dffa724e6d00d64ceae698af892a0,2025-02-19 21:20:00,27223.7415,59372.72,BUY,29.56494416799722
0x420ab45e0bd8863569a5efbb9c05d91f40624641,2025-02-19 21:20:00,25997.375,32125.0,BUY,28.230722747216337
0x271b280974205ca63b716753467d5a371de622ab,2025-06-15 15:06:40,-25818.75012,999998.56,BUY,-28.142461025307053
0x083384f897ee0f19899168e3b1bec365f52a9012,2025-02-19 21:20:00,25652.2897,62496.49,BUY,27.85528832426317
0x083384f897ee0f19899168e3b1bec365f52a9012,2025-02-19 21:20:00,25182.07753,304371.25,BUY,27.343722532531363
0xb1231a4a2dd02f2276fa3c5e2a2f3436e6bfed23,2024-10-27 03:33:20,24999.97914,24999.99,SELL,27.145609184989897
0xb1231a4a2dd02f2276fa3c5e2a2f3436e6bfed23,2024-10-27 03:33:20,24999.97223,24999.99,SELL,27.145601667278008
0xb1231a4a2dd02f2276fa3c5e2a2f3436e6bfed23,2024-10-27 03:33:20,24999.96845,24999.99,SELL,27.14559755483938
0xb1231a4a2dd02f2276fa3c5e2a2f3436e6bfed23,2024-10-27 03:33:20,24999.96399,24999.98,SELL,27.14559270259697
0xb1231a4a2dd02f2276fa3c5e2a2f3436e6bfed23,2024-10-27 03:33:20,24999.95682,24999.98,SELL,27.145584902018932
0xb1231a4a2dd02f2276fa3c5e2a2f3436e6bfed23,2024-10-27 03:33:20,24999.95551,24999.97,SELL,27.14558347680872
0xb1231a4a2dd02f2276fa3c5e2a2f3436e6bfed23,2024-10-27 03:33:20,24999.95278,24999.97,SELL,27.145580506714154
0xb1231a4a2dd02f2276fa3c5e2a2f3436e6bfed23,2024-10-27 03:33:20,24999.92079,24999.94,SELL,27.145545703298332
0xb1231a4a2dd02f2276fa3c5e2a2f3436e6bfed23,2024-10-27 03:33:20,24999.92024,24999.94,SELL,27.14554510492763
0xb1231a4a2dd02f2276fa3c5e2a2f3436e6bfed23,2024-10-27 03:33:20,24999.91927,24999.94,SELL,27.145544049619303
0xb1231a4a2dd02f2276fa3c5e2a2f3436e6bfed23,2024-10-27 03:33:20,24999.91861,24999.93,SELL,27.145543331574466
0xb1231a4a2dd02f2276fa3c5e2a2f3436e6bfed23,2024-10-27 03:33:20,24999.91446,24999.93,SELL,27.145538816595543
0xb1231a4a2dd02f2276fa3c5e2a2f3436e6bfed23,2024-10-27 03:33:20,24999.90205,24999.92,SELL,27.145525315176652
0xb1231a4a2dd02f2276fa3c5e2a2f3436e6bfed23,2024-10-27 03:33:20,24999.89746,24999.92,SELL,27.14552032150117
0xb1231a4a2dd02f2276fa3c5e2a2f3436e6bfed23,2024-10-27 03:33:20,24999.88719,24999.9,SELL,27.145509148288276
0xb1231a4a2dd02f2276fa3c5e2a2f3436e6bfed23,2024-10-27 03:33:20,24999.88526,24999.9,SELL,27.14550704855109
0xb1231a4a2dd02f2276fa3c5e2a2f3436e6bfed23,2024-10-27 03:33:20,24999.86967,24999.89,SELL,27.145490087461607
0xb1231a4a2dd02f2276fa3c5e2a2f3436e6bfed23,2024-10-27 03:33:20,24999.86955,24999.89,SELL,27.145489956907998
0xb1231a4a2dd02f2276fa3c5e2a2f3436e6bfed23,2024-10-27 03:33:20,24999.85562,24999.87,SELL,27.145474801810078
0xb1231a4a2dd02f2276fa3c5e2a2f3436e6bfed23,2024-10-27 03:33:20,24999.83041,24999.85,SELL,27.14544737467307
0xb1231a4a2dd02f2276fa3c5e2a2f3436e6bfed23,2024-10-27 03:33:20,24968.25692,24968.28,SELL,27.11109709954177
0xbd5fead7180a9c139fa51a103cb6a2ce86ddb5c3,2025-02-19 21:20:00,-24500.0,107500.0,SELL,-26.70773114744317
0xb1231a4a2dd02f2276fa3c5e2a2f3436e6bfed23,2024-10-27 03:33:20,24282.58364,24282.6,SELL,26.365121098213386
0x8170715b3b381dffb7062c0298972d4727a0a63b,2025-06-15 15:06:40,-24080.11492,60000.97,BUY,-26.25091854859748
0xb1231a4a2dd02f2276fa3c5e2a2f3436e6bfed23,2024-10-27 03:33:20,24158.30428,24158.32,SELL,26.22991177516604
0xb1231a4a2dd02f2276fa3c5e2a2f3436e6bfed23,2024-10-27 03:33:20,23985.64164,23985.66,SELL,26.04206402096159
0x083384f897ee0f19899168e3b1bec365f52a9012,2025-02-19 21:20:00,23909.89468,333478.05,BUY,25.95965536368741
0xb1231a4a2dd02f2276fa3c5e2a2f3436e6bfed23,2024-10-27 03:33:20,23204.3022,23204.32,SELL,25.192008333898265
0x430f09841d65beb3f27765503d0f850b8bce7713,2024-10-27 03:33:20,23151.95965,23152.03,SELL,25.135062427900106
0x083384f897ee0f19899168e3b1bec365f52a9012,2025-02-19 21:20:00,23122.25712,97567.85,BUY,25.102747657578682
0xb1231a4a2dd02f2276fa3c5e2a2f3436e6bfed23,2024-10-27 03:33:20,22902.25801,22902.28,SELL,24.863400345731264
0xbee1707d6b44d4d52bfe19e41f8a828645437aab,2024-10-27 03:33:20,22883.51252,91530.54,SELL,24.843006251224416
0xbd5fead7180a9c139fa51a103cb6a2ce86ddb5c3,2025-02-19 21:20:00,22803.50057,108949.21,BUY,24.75595751203556
0xbee1707d6b44d4d52bfe19e41f8a828645437aab,2024-10-27 03:33:20,-22634.46345,152508.2,SELL,-24.67812676224538
0x083384f897ee0f19899168e3b1bec365f52a9012,2025-02-19 21:20:00,22576.95804,255994.11,BUY,24.5094913078104
0x4f93fead39b70a1824f981a54d4e55b278e9f760,2024-03-09 16:00:00,-21524.4,178200.0,SELL,-23.47043686414728
0x513b8629fe877bb581bf244e326a047b249c4ff1,2025-02-19 21:20:00,-21333.46888,97220.38,SELL,-23.26271397690461
0x083384f897ee0f19899168e3b1bec365f52a9012,2025-02-19 21:20:00,21380.14994,52078.97,BUY,23.20742785158906
0xb1231a4a2dd02f2276fa3c5e2a2f3436e6bfed23,2024-10-27 03:33:20,21361.99552,21362.01,SELL,23.187676809754624
0xbd5fead7180a9c139fa51a103cb6a2ce86ddb5c3,2025-02-19 21:20:00,21125.35262,30037.11,BUY,22.93022194103821
0x083384f897ee0f19899168e3b1bec365f52a9012,2025-02-19 21:20:00,21064.75755,88885.92,BUY,22.86429773290979
0x72c6a4624e1dffa724e6d00d64ceae698af892a0,2025-02-19 21:20:00,21029.842,42000.24,BUY,22.82631147453732
0x3f9a0aadc7f04a7c9d75dc1b5a6ddd6e36486cf6,2025-02-19 21:20:00,20665.89598,25950.0,SELL,22.430357592975856
0xb1231a4a2dd02f2276fa3c5e2a2f3436e6bfed23,2025-02-19 21:20:00,20155.41385,25000.58,BUY,21.87498023003268
0x083384f897ee0f19899168e3b1bec365f52a9012,2025-02-19 21:20:00,-19841.24014,396950.07,SELL,-21.63924860206531
0x083384f897ee0f19899168e3b1bec365f52a9012,2025-02-19 21:20:00,19533.20559,94955.57,BUY,21.198050789544215
0x513b8629fe877bb581bf244e326a047b249c4ff1,2025-02-19 21:20:00,19530.5225,2268415.35,SELL,21.19513173055827
0x4f93fead39b70a1824f981a54d4e55b278e9f760,2025-02-19 21:20:00,-18993.46842,258690.51,SELL,-20.716918133354486
0x083384f897ee0f19899168e3b1bec365f52a9012,2024-10-27 03:33:20,-18849.96767,130127.47,BUY,-20.560796961952526
0x72743ae2822edd658c0c50608fd7c5c501b2afbd,2025-02-19 21:20:00,18862.26612,233257.28,BUY,20.468104388593623
0x513b8629fe877bb581bf244e326a047b249c4ff1,2025-06-15 15:06:40,18713.88918,3921430.72,SELL,20.30667818223694
0xb1231a4a2dd02f2276fa3c5e2a2f3436e6bfed23,2024-10-27 03:33:20,18680.65312,18680.67,SELL,20.270519119514372
0xb1231a4a2dd02f2276fa3c5e2a2f3436e6bfed23,2024-10-27 03:33:20,18569.0168,18569.03,SELL,20.149064750464706
0x4f93fead39b70a1824f981a54d4e55b278e9f760,2024-07-03 09:46:40,-18360.67007,111779.98,SELL,-20.028467239103218
0x430f09841d65beb3f27765503d0f850b8bce7713,2024-07-03 09:46:40,18282.19011,50829.24,SELL,19.837012591628277
0x083384f897ee0f19899168e3b1bec365f52a9012,2025-02-19 21:20:00,18271.95683,77120.36,BUY,19.82587932813743
0x4f93fead39b70a1824f981a54d4e55b278e9f760,2024-07-03 09:46:40,-18148.47621,111378.3,SELL,-19.7976116234531
0x4f93fead39b70a1824f981a54d4e55b278e9f760,2024-07-03 09:46:40,-18011.33336,108753.01,SELL,-19.648407508551937
0xb1231a4a2dd02f2276fa3c5e2a2f3436e6bfed23,2024-10-27 03:33:20,18094.55614,18094.57,SELL,19.632876827939235
0x4f93fead39b70a1824f981a54d4e55b278e9f760,2024-07-03 09:46:40,-17937.47276,110975.43,SELL,-19.568051110467245
0x513b8629fe877bb581bf244e326a047b249c4ff1,2025-06-15 15:06:40,18022.9584,3641180.84,SELL,19.554982300987053
0x513b8629fe877bb581bf244e326a047b249c4ff1,2025-02-19 21:20:00,-17742.21655,226700.03,BUY,-19.35562275571156
0x420ab45e0bd8863569a5efbb9c05d91f40624641,2025-02-19 21:20:00,17785.99094,23999.35,BUY,19.297174328280658
0x083384f897ee0f19899168e3b1bec365f52a9012,2025-02-19 21:20:00,17582.29325,199360.94,BUY,19.075562092981027
0x4f93fead39b70a1824f981a54d4e55b278e9f760,2024-07-03 09:46:40,-17413.2,106352.0,SELL,-18.99767027674102
0xbd5fead7180a9c139fa51a103cb6a2ce86ddb5c3,2025-02-19 21:20:00,-17323.49327,26141.54,SELL,-18.900074133374247
0x430f09841d65beb3f27765503d0f850b8bce7713,2024-07-03 09:46:40,17293.90182,54060.24,SELL,18.761807580381713
0xb899e522b5715391ae1d4f137653e7906c5e2115,2025-02-19 21:20:00,-17178.87662,1613842.3,BUY,-18.742738922218713
0x083384f897ee0f19899168e3b1bec365f52a9012,2025-02-19 21:20:00,-16503.40731,330172.34,SELL,-18.007864296662582
0x8170715b3b381dffb7062c0298972d4727a0a63b,2025-06-15 15:06:40,-16494.59424,41999.07,BUY,-17.99827614599405
0x083384f897ee0f19899168e3b1bec365f52a9012,2025-02-19 21:20:00,16560.9381,57709.9,BUY,17.964382099598243
0x420ab45e0bd8863569a5efbb9c05d91f40624641,2025-02-19 21:20:00,16555.93464,20579.61,BUY,17.958938601663473
0x4acb90e786d897ecffb614dc822eb231b4ffb9f4,2025-02-19 21:20:00,16305.57609,213391.94,SELL,17.686561836409663
0x430f09841d65beb3f27765503d0f850b8bce7713,2024-10-27 03:33:20,15999.95,16000.0,SELL,17.354056931858285
0x083384f897ee0f19899168e3b1bec365f52a9012,2025-02-19 21:20:00,15993.72491,200295.54,BUY,17.347284365562412
0x083384f897ee0f19899168e3b1bec365f52a9012,2025-02-19 21:20:00,15993.07849,300030.56,BUY,17.346581095038616
0xb1231a4a2dd02f2276fa3c5e2a2f3436e6bfed23,2024-10-27 03:33:20,15821.26862,15821.27,SELL,17.159661109165242
0x4acb90e786d897ecffb614dc822eb231b4ffb9f4,2025-02-19 21:20:00,15626.03205,277167.19,SELL,16.947254121683287
0xbd5fead7180a9c139fa51a103cb6a2ce86ddb5c3,2025-02-19 21:20:00,15574.55405,20755.65,BUY,16.891248800028663
0x4acb90e786d897ecffb614dc822eb231b4ffb9f4,2025-02-19 21:20:00,15379.18528,259725.54,SELL,16.67869798598929
0xbd5fead7180a9c139fa51a103cb6a2ce86ddb5c3,2025-02-19 21:20:00,14995.64105,491106.95,SELL,16.261422295987234
0x72c6a4624e1dffa724e6d00d64ceae698af892a0,2025-02-19 21:20:00,14966.20142,36755.37,BUY,16.229393546860553
0x430f09841d65beb3f27765503d0f850b8bce7713,2024-10-27 03:33:20,14820.26404,14820.31,SELL,16.07062145182319
0x8170715b3b381dffb7062c0298972d4727a0a63b,2025-06-15 15:06:40,-14423.8407,35889.5,BUY,-15.74540660803306
0xb1231a4a2dd02f2276fa3c5e2a2f3436e6bfed23,2025-02-19 21:20:00,14472.42633,17956.21,BUY,15.692192553416909
0x72c6a4624e1dffa724e6d00d64ceae698af892a0,2025-02-19 21:20:00,14374.3311,18281.37,BUY,15.585470168923832
0xb1231a4a2dd02f2276fa3c5e2a2f3436e6bfed23,2025-02-19 21:20:00,14327.62569,97240.09,BUY,15.534657170942925
0xb1231a4a2dd02f2276fa3c5e2a2f3436e6bfed23,2024-10-27 03:33:20,14151.62721,14151.64,SELL,15.343180200525945
0x72c6a4624e1dffa724e6d00d64ceae698af892a0,2024-10-27 03:33:20,13901.79413,29272.05,BUY,15.071375118639198
0x72c6a4624e1dffa724e6d00d64ceae698af892a0,2025-02-19 21:20:00,13735.0525,32233.5,BUY,14.889969107889621
0xbee1707d6b44d4d52bfe19e41f8a828645437aab,2024-10-27 03:33:20,-13361.68715,116770.69,SELL,-14.589840128870055
0xa520ded057a32086c40e7dd6ed4eb8efb82c00e0,2024-10-27 03:33:20,13404.23882,15499.14,SELL,14.530061447216118
0x271b280974205ca63b716753467d5a371de622ab,2025-06-15 15:06:40,-13265.34706,574495.47,BUY,-14.485027243196843
0xb1231a4a2dd02f2276fa3c5e2a2f3436e6bfed23,2025-02-19 21:20:00,13288.47952,16485.81,BUY,14.404121495566592
0xb1231a4a2dd02f2276fa3c5e2a2f3436e6bfed23,2024-10-27 03:33:20,13272.92511,13272.93,SELL,14.387199126103948
0xb1231a4a2dd02f2276fa3c5e2a2f3436e6bfed23,2024-10-27 03:33:20,13026.33904,13026.35,SELL,14.118926618121895
0x72743ae2822edd658c0c50608fd7c5c501b2afbd,2024-10-27 03:33:20,13012.16518,58939.81,BUY,14.10350621351434
0x72743ae2822edd658c0c50608fd7c5c501b2afbd,2024-10-27 03:33:20,13012.16518,58939.81,BUY,14.10350621351434
0x083384f897ee0f19899168e3b1bec365f52a9012,2024-10-27 03:33:20,-12878.14,88902.0,BUY,-14.063766589281729
0x8170715b3b381dffb7062c0298972d4727a0a63b,2025-06-15 15:06:40,-12752.91304,32910.88,BUY,-13.927526327915107
0xb1231a4a2dd02f2276fa3c5e2a2f3436e6bfed23,2025-02-19 21:20:00,12817.36399,99999.91,BUY,13.891572896278745
0x4acb90e786d897ecffb614dc822eb231b4ffb9f4,2025-02-19 21:20:00,12807.40468,168957.39,SELL,13.880737697552917
0x4acb90e786d897ecffb614dc822eb231b4ffb9f4,2025-02-19 21:20:00,12641.26758,213487.25,SELL,13.699989383238709
0x083384f897ee0f19899168e3b1bec365f52a9012,2025-02-19 21:20:00,12415.02767,150058.21,BUY,13.45385241345232
0x083384f897ee0f19899168e3b1bec365f52a9012,2025-02-19 21:20:00,12207.28616,26418.19,BUY,13.227840717415805
0x430f09841d65beb3f27765503d0f850b8bce7713,2024-10-27 03:33:20,12199.93511,12199.97,SELL,13.219843166622278
0xb1231a4a2dd02f2276fa3c5e2a2f3436e6bfed23,2024-10-27 03:33:20,12121.58123,12121.59,SELL,13.134598319264416
0x083384f897ee0f19899168e3b1bec365f52a9012,2024-10-27 03:33:20,-11996.80693,82817.87,BUY,-13.104923159657245
0xb1231a4a2dd02f2276fa3c5e2a2f3436e6bfed23,2024-10-27 03:33:20,11978.80874,11978.82,SELL,12.979269455946458
0x4acb90e786d897ecffb614dc822eb231b4ffb9f4,2025-02-19 21:20:00,11955.79782,192591.02,SELL,12.95423480082837
0x72c6a4624e1dffa724e6d00d64ceae698af892a0,2025-02-19 21:20:00,11749.70815,31602.17,BUY,12.730020218714735
0xb1231a4a2dd02f2276fa3c5e2a2f3436e6bfed23,2024-10-27 03:33:20,11734.21483,102747.91,BUY,12.713164311917694
0x083384f897ee0f19899168e3b1bec365f52a9012,2025-02-19 21:20:00,11676.98409,49284.99,BUY,12.650900315604078
0x72c6a4624e1dffa724e6d00d64ceae698af892a0,2024-10-27 03:33:20,11655.0,28330.0,BUY,12.626982796824517
0xbd5fead7180a9c139fa51a103cb6a2ce86ddb5c3,2025-02-19 21:20:00,11639.01092,81166.06,BUY,12.609587529557693
0xb1231a4a2dd02f2276fa3c5e2a2f3436e6bfed23,2024-10-27 03:33:20,11489.99,11490.0,SELL,12.447460707267233
0x72c6a4624e1dffa724e6d00d64ceae698af892a0,2025-06-15 15:06:40,11448.9135,7179.1,BUY,12.402771663502008
0x083384f897ee0f19899168e3b1bec365f52a9012,2025-02-19 21:20:00,11322.34027,65875.68,BUY,12.265066732094125
0xbd5fead7180a9c139fa51a103cb6a2ce86ddb5c3,2025-06-15 15:06:40,-11199.63611,99947.04,BUY,-12.237643774526079
0xbd5fead7180a9c139fa51a103cb6a2ce86ddb5c3,2025-02-19 21:20:00,11123.94587,42528.08,BUY,12.049224193796665
0x420ab45e0bd8863569a5efbb9c05d91f40624641,2025-02-19 21:20:00,11090.4965,32210.0,BUY,12.012833061157584
0x4acb90e786d897ecffb614dc822eb231b4ffb9f4,2025-02-19 21:20:00,10992.33293,185639.85,SELL,11.90603632638513
0xbd5fead7180a9c139fa51a103cb6a2ce86ddb5c3,2025-02-19 21:20:00,-10887.22785,643980.69,SELL,-11.897760230315695
0x083384f897ee0f19899168e3b1bec365f52a9012,2025-02-19 21:20:00,10922.04212,234160.5,BUY,11.829563669649938
0x430f09841d65beb3f27765503d0f850b8bce7713,2024-10-27 03:33:20,10830.13397,10830.17,SELL,11.729572498597614
0x083384f897ee0f19899168e3b1bec365f52a9012,2025-02-19 21:20:00,10761.81781,37501.7,BUY,11.655248155868508
0xb1231a4a2dd02f2276fa3c5e2a2f3436e6bfed23,2024-10-27 03:33:20,10747.96578,10747.97,SELL,11.640177885156367
0x72c6a4624e1dffa724e6d00d64ceae698af892a0,2025-02-19 21:20:00,10647.977,38563.98,BUY,11.531395419136832
0xbd5fead7180a9c139fa51a103cb6a2ce86ddb5c3,2025-02-19 21:20:00,10564.65753,15021.37,BUY,11.440748274386783
0xbd5fead7180a9c139fa51a103cb6a2ce86ddb5c3,2025-02-19 21:20:00,10564.65753,15021.37,BUY,11.440748274386783
0x083384f897ee0f19899168e3b1bec365f52a9012,2025-02-19 21:20:00,10545.5452,51264.41,BUY,11.419955077502301
0x4acb90e786d897ecffb614dc822eb231b4ffb9f4,2025-02-19 21:20:00,10512.44,129040.2,SELL,11.383938383488534
0xa520ded057a32086c40e7dd6ed4eb8efb82c00e0,2024-07-03 09:46:40,-10309.40032,97708.22,SELL,-11.269114659808913
0x083384f897ee0f19899168e3b1bec365f52a9012,2024-10-27 03:33:20,-10259.468,87610.64,BUY,-11.214790955652541
0xbee1707d6b44d4d52bfe19e41f8a828645437aab,2024-10-27 03:33:20,-10242.72803,99000.26,SELL,-11.196578760067265
0x513b8629fe877bb581bf244e326a047b249c4ff1,2025-02-19 21:20:00,10308.83318,48661.88,SELL,11.162425009908059
0xb1231a4a2dd02f2276fa3c5e2a2f3436e6bfed23,2025-02-19 21:20:00,10293.2433,6917.71,BUY,11.145464050974981
0x72743ae2822edd658c0c50608fd7c5c501b2afbd,2024-10-27 03:33:20,10262.74406,46486.05,BUY,11.11228250261604
0x513b8629fe877bb581bf244e326a047b249c4ff1,2025-02-19 21:20:00,10059.39613,1168370.61,SELL,10.89105078756393
0x513b8629fe877bb581bf244e326a047b249c4ff1,2025-06-15 15:06:40,10024.26205,3279596.7,SELL,10.852826780193027
0xb1231a4a2dd02f2276fa3c5e2a2f3436e6bfed23,2024-10-27 03:33:20,10001.92153,10001.93,SELL,10.82852148456127
0xb1231a4a2dd02f2276fa3c5e2a2f3436e6bfed23,2024-10-27 03:33:20,10001.52187,10001.53,SELL,10.828086675772031
0x083384f897ee0f19899168e3b1bec365f52a9012,2025-02-19 21:20:00,9960.876125,34710.66,BUY,10.783866270499548
0x8170715b3b381dffb7062c0298972d4727a0a63b,2025-06-15 15:06:40,-9846.60092,25000.38,BUY,-10.765613566942678
0xb1231a4a2dd02f2276fa3c5e2a2f3436e6bfed23,2024-10-27 03:33:20,9871.045775,9871.05,SELL,10.686135635158282
0x72c6a4624e1dffa724e6d00d64ceae698af892a0,2025-02-19 21:20:00,9870.14273,26729.6,BUY,10.685153170305458
0xb1231a4a2dd02f2276fa3c5e2a2f3436e6bfed23,2024-10-27 03:33:20,9848.882195,9848.89,SELL,10.662022840820544
0xb1231a4a2dd02f2276fa3c5e2a2f3436e6bfed23,2024-10-27 03:33:20,9837.712027,9837.72,SELL,10.649870293095763
0x4acb90e786d897ecffb614dc822eb231b4ffb9f4,2025-02-19 21:20:00,9829.40275,111667.62,SELL,10.640830242373077
0x39cef799f8b69da1995852eea189df24eb5cae3c,2025-02-19 21:20:00,-9691.525303,47373.2,SELL,-10.596899556863137
0x72c6a4624e1dffa724e6d00d64ceae698af892a0,2024-10-27 03:33:20,9737.981968,17884.98,BUY,10.541369301741597
0x083384f897ee0f19899168e3b1bec365f52a9012,2025-02-19 21:20:00,9634.239225,120755.32,BUY,10.428502723959859
0x39cef799f8b69da1995852eea189df24eb5cae3c,2025-02-19 21:20:00,-9454.732356,56300.77,BUY,-10.339281445004055
0x6d6a4b953f202f8df5bed40692e7fd865318264a,2024-10-27 03:33:20,9503.355131,12327.5,SELL,10.286107802169107
0x513b8629fe877bb581bf244e326a047b249c4ff1,2025-06-15 15:06:40,9460.46376,807595.27,SELL,10.239444275438021
0xb1231a4a2dd02f2276fa3c5e2a2f3436e6bfed23,2025-06-15 15:06:40,9373.37,14730.0,BUY,10.144690904232636
0xb1231a4a2dd02f2276fa3c5e2a2f3436e6bfed23,2025-06-15 15:06:40,9367.37,14736.0,BUY,10.138163223865726
0x420ab45e0bd8863569a5efbb9c05d91f40624641,2025-02-19 21:20:00,9356.440365,11630.39,BUY,10.126272363231228
0x430f09841d65beb3f27765503d0f850b8bce7713,2024-10-27 03:33:20,9327.908237,9327.94,SELL,10.095230927935937
0x4acb90e786d897ecffb614dc822eb231b4ffb9f4,2025-02-19 21:20:00,9327.49344,135584.29,SELL,10.09477965089708
0x8170715b3b381dffb7062c0298972d4727a0a63b,2025-06-15 15:06:40,-9215.75302,24000.13,BUY,-10.079284658386683
0xb1231a4a2dd02f2276fa3c5e2a2f3436e6bfed23,2025-02-19 21:20:00,9303.86424,5115.69,BUY,10.069072340076117
0xb1231a4a2dd02f2276fa3c5e2a2f3436e6bfed23,2024-10-27 03:33:20,9244.995,9245.0,SELL,10.005025743048972
0x083384f897ee0f19899168e3b1bec365f52a9012,2025-02-19 21:20:00,9181.0,128050.0,BUY,9.935402592202244
0x72c6a4624e1dffa724e6d00d64ceae698af892a0,2025-02-19 21:20:00,9120.118585,18868.02,BUY,9.869166855968052
0x72c6a4624e1dffa724e6d00d64ceae698af892a0,2025-02-19 21:20:00,8904.42,27187.6,BUY,9.634498286222282
0x083384f897ee0f19899168e3b1bec365f52a9012,2025-02-19 21:20:00,8886.678974,37498.68,BUY,9.615196995037444
0xb1231a4a2dd02f2276fa3c5e2a2f3436e6bfed23,2025-02-19 21:20:00,8879.51704,49999.84,BUY,9.607405192377295
0xbd5fead7180a9c139fa51a103cb6a2ce86ddb5c3,2025-02-19 21:20:00,8859.81591,88886.98,SELL,9.585971412459472
0x6d6a4b953f202f8df5bed40692e7fd865318264a,2024-10-27 03:33:20,8856.355131,11680.5,SELL,9.58220626927072
0x8170715b3b381dffb7062c0298972d4727a0a63b,2025-02-19 21:20:00,-8733.392528,55776.06,BUY,-9.554502139486498
0x72743ae2822edd658c0c50608fd7c5c501b2afbd,2024-10-27 03:33:20,8830.785736,39999.86,BUY,9.554388129648178
0x4acb90e786d897ecffb614dc822eb231b4ffb9f4,2025-02-19 21:20:00,8823.230484,212622.65,SELL,9.546168417956936
0x420ab45e0bd8863569a5efbb9c05d91f40624641,2025-02-19 21:20:00,8765.5,3366.0,BUY,9.483360726793775
0x271b280974205ca63b716753467d5a371de622ab,2025-06-15 15:06:40,-8665.613614,345873.47,BUY,-9.480762291785124
0xbd5fead7180a9c139fa51a103cb6a2ce86ddb5c3,2025-02-19 21:20:00,8726.085368,12407.19,BUY,9.440479706881215
0x513b8629fe877bb581bf244e326a047b249c4ff1,2025-06-15 15:06:40,8633.812548,1246278.89,SELL,9.340091794295656
0x420ab45e0bd8863569a5efbb9c05d91f40624641,2024-10-27 03:33:20,8605.154778,19362.21,BUY,9.308913667197588
0xb1231a4a2dd02f2276fa3c5e2a2f3436e6bfed23,2025-02-19 21:20:00,8590.602382,10660.4,BUY,9.293081435587473
0xb1231a4a2dd02f2276fa3c5e2a2f3436e6bfed23,2024-10-27 03:33:20,8589.758585,8589.76,SELL,9.29216342940238
0x513b8629fe877bb581bf244e326a047b249c4ff1,2025-02-19 21:20:00,8584.724704,2133645.07,SELL,9.286686835040205
0x4acb90e786d897ecffb614dc822eb231b4ffb9f4,2025-02-19 21:20:00,8570.639428,112164.41,SELL,9.27136280510559
0xbd5fead7180a9c139fa51a103cb6a2ce86ddb5c3,2025-02-19 21:20:00,8561.045916,85935.57,SELL,9.260925575116902
0x083384f897ee0f19899168e3b1bec365f52a9012,2024-10-27 03:33:20,-8453.212974,72186.14,BUY,-9.249681710510629
0x083384f897ee0f19899168e3b1bec365f52a9012,2024-10-27 03:33:20,-8452.834551,72182.91,BUY,-9.249270006446048
0x083384f897ee0f19899168e3b1bec365f52a9012,2024-10-27 03:33:20,-8452.624316,72181.11,BUY,-9.249041281965724
0xbd5fead7180a9c139fa51a103cb6a2ce86ddb5c3,2025-02-19 21:20:00,-8356.88701,109678.9,SELL,-9.144884193172894
0x8381e6d82f1affd39a336e143e081ef7620a3b7f,2025-02-19 21:20:00,8424.257062,118824.18,SELL,9.1121065890056
0x4acb90e786d897ecffb614dc822eb231b4ffb9f4,2025-02-19 21:20:00,8415.1756,193608.48,SELL,9.102226442138894
0x4acb90e786d897ecffb614dc822eb231b4ffb9f4,2025-02-19 21:20:00,8322.794203,201917.8,SELL,9.001720403561468
0x083384f897ee0f19899168e3b1bec365f52a9012,2025-02-19 21:20:00,8282.216298,48187.62,BUY,8.957573804594999
0x72743ae2822edd658c0c50608fd7c5c501b2afbd,2025-02-19 21:20:00,-8181.406929,54464.71,BUY,-8.953971213251668
0x083384f897ee0f19899168e3b1bec365f52a9012,2025-02-19 21:20:00,8274.041818,103662.8,BUY,8.948680405827384
0x72c6a4624e1dffa724e6d00d64ceae698af892a0,2025-02-19 21:20:00,8230.0,23710.0,BUY,8.900765254047117
0xb1231a4a2dd02f2276fa3c5e2a2f3436e6bfed23,2025-02-19 21:20:00,8217.97383,49999.98,BUY,8.887681421747432
0xbee1707d6b44d4d52bfe19e41f8a828645437aab,2024-10-27 03:33:20,-8109.888967,64319.13,SELL,-8.87616348051354
0x8170715b3b381dffb7062c0298972d4727a0a63b,2025-02-19 21:20:00,8143.080742,18376.3,BUY,8.80620173172163
0x72c6a4624e1dffa724e6d00d64ceae698af892a0,2025-02-19 21:20:00,8136.5,16250.0,BUY,8.799042234996115
0x4f93fead39b70a1824f981a54d4e55b278e9f760,2024-10-27 03:33:20,8098.26873,231975.04,SELL,8.75744864989928
0x72743ae2822edd658c0c50608fd7c5c501b2afbd,2025-02-19 21:20:00,8059.112446,99661.76,BUY,8.714848698847959
0x3f9a0aadc7f04a7c9d75dc1b5a6ddd6e36486cf6,2025-02-19 21:20:00,8019.163096,63734.69,SELL,8.671385934236994
0xbaaaf6571ab7d571043ff1e313a9609a10637864,2025-02-19 21:20:00,7998.157272,106919.95,SELL,8.648532716751069
0xbaaaf6571ab7d571043ff1e313a9609a10637864,2025-02-19 21:20:00,7990.951761,106919.98,SELL,8.64069350463636
0x513b8629fe877bb581bf244e326a047b249c4ff1,2025-06-15 15:06:40,7942.286442,1146458.05,SELL,8.58774823007208
0x4acb90e786d897ecffb614dc822eb231b4ffb9f4,2025-02-19 21:20:00,7940.84315,89978.67,SELL,8.586178005263394
0x4acb90e786d897ecffb614dc822eb231b4ffb9f4,2025-02-19 21:20:00,7918.27325,89956.1,SELL,8.56162315641121
0xbee1707d6b44d4d52bfe19e41f8a828645437aab,2024-10-27 03:33:20,7910.753444,149679.11,SELL,8.553442008079681
0xbaaaf6571ab7d571043ff1e313a9609a10637864,2025-02-19 21:20:00,7897.145997,106919.89,SELL,8.538637830642072
0xbd5fead7180a9c139fa51a103cb6a2ce86ddb5c3,2025-06-15 15:06:40,-7786.506548,69579.98,BUY,-8.524340635928551
0x28736f43f1e871e6aa8b1148d38d4994275d72c4,2025-02-19 21:20:00,-7784.162915,32349.42,SELL,-8.521790888074994
0x083384f897ee0f19899168e3b1bec365f52a9012,2024-10-27 03:33:20,-7764.104691,66301.51,BUY,-8.499968608908349
0x72743ae2822edd658c0c50608fd7c5c501b2afbd,2024-10-27 03:33:20,7858.046904,35593.75,BUY,8.496100100352061
0xbaaaf6571ab7d571043ff1e313a9609a10637864,2025-02-19 21:20:00,7853.800251,106919.97,SELL,8.491479968116533
0x4acb90e786d897ecffb614dc822eb231b4ffb9f4,2025-02-19 21:20:00,7844.58155,88887.92,SELL,8.481450512528848
0x4acb90e786d897ecffb614dc822eb231b4ffb9f4,2025-02-19 21:20:00,7844.58155,88887.92,SELL,8.481450512528848
0x513b8629fe877bb581bf244e326a047b249c4ff1,2025-02-19 21:20:00,7757.749638,901040.84,SELL,8.38698201799825
0x513b8629fe877bb581bf244e326a047b249c4ff1,2025-02-19 21:20:00,7742.055582,37568.41,SELL,8.369907721126852
0x72743ae2822edd658c0c50608fd7c5c501b2afbd,2024-10-27 03:33:20,7726.737352,34998.97,BUY,8.353242302922386
0x083384f897ee0f19899168e3b1bec365f52a9012,2025-02-19 21:20:00,7713.353477,26878.72,BUY,8.338681359910607
0x083384f897ee0f19899168e3b1bec365f52a9012,2025-02-19 21:20:00,7685.991789,87149.41,BUY,8.308913300983425
0x513b8629fe877bb581bf244e326a047b249c4ff1,2025-06-15 15:06:40,7671.0663,1107307.8,SELL,8.29267516406479
0xbd5fead7180a9c139fa51a103cb6a2ce86ddb5c3,2025-02-19 21:20:00,-7540.212,15447.01,BUY,-8.256385288352485
0x083384f897ee0f19899168e3b1bec365f52a9012,2025-02-19 21:20:00,7635.640441,124514.7,BUY,8.254133716685589
0x083384f897ee0f19899168e3b1bec365f52a9012,2025-02-19 21:20:00,-7519.5,1190250.0,SELL,-8.233851735725914
0xbee1707d6b44d4d52bfe19e41f8a828645437aab,2024-10-27 03:33:20,7578.425247,156238.47,SELL,8.191886633591803
0xb1231a4a2dd02f2276fa3c5e2a2f3436e6bfed23,2025-02-19 21:20:00,7563.022656,72588.14,BUY,8.175129435113432
0xb1231a4a2dd02f2276fa3c5e2a2f3436e6bfed23,2024-10-27 03:33:20,7546.840006,7546.85,SELL,8.157523573998505
0x72c6a4624e1dffa724e6d00d64ceae698af892a0,2024-10-27 03:33:20,7525.631385,20169.94,BUY,8.134449724180017
0xb1231a4a2dd02f2276fa3c5e2a2f3436e6bfed23,2024-10-27 03:33:20,7481.51403,7481.52,SELL,8.086452392167773
0xbd5fead7180a9c139fa51a103cb6a2ce86ddb5c3,2025-02-19 21:20:00,-7377.944846,11133.49,SELL,-8.079847269125809
0x72743ae2822edd658c0c50608fd7c5c501b2afbd,2024-10-27 03:33:20,7438.424084,33693.03,BUY,8.03957282641521
0x513b8629fe877bb581bf244e326a047b249c4ff1,2025-02-19 21:20:00,7438.321805,35179.85,SELL,8.039461552311835
0x72743ae2822edd658c0c50608fd7c5c501b2afbd,2024-10-27 03:33:20,7421.246116,33615.22,BUY,8.020884112339044
0x4f93fead39b70a1824f981a54d4e55b278e9f760,2025-02-19 21:20:00,7371.796392,149999.41,SELL,7.967085446921729
0x513b8629fe877bb581bf244e326a047b249c4ff1,2025-02-19 21:20:00,7370.662955,35021.75,SELL,7.96585232784639
0x430f09841d65beb3f27765503d0f850b8bce7713,2024-07-03 09:46:40,7346.951206,22251.35,SELL,7.940055208110993
0x271b280974205ca63b716753467d5a371de622ab,2025-06-15 15:06:40,-7225.8,279300.0,BUY,-7.914321781765702
0x39cef799f8b69da1995852eea189df24eb5cae3c,2025-02-19 21:20:00,7322.017,28574.11,BUY,7.912928120282548
0x430f09841d65beb3f27765503d0f850b8bce7713,2024-07-03 09:46:40,7221.317567,21287.18,SELL,7.803372501657049
0xa0feb3725a9335f49874d7cd8eaad6be45b27416,2025-02-19 21:20:00,-7104.920076,414876.88,SELL,-7.782810863990988
0xbd5fead7180a9c139fa51a103cb6a2ce86ddb5c3,2025-02-19 21:20:00,7101.088724,10096.69,BUY,7.672569925325829
0x083384f897ee0f19899168e3b1bec365f52a9012,2025-02-19 21:20:00,7093.051101,29930.2,BUY,7.663825419683541
0xbee1707d6b44d4d52bfe19e41f8a828645437aab,2024-10-27 03:33:20,7088.532239,35397.27,SELL,7.6589091385571795
0x430f09841d65beb3f27765503d0f850b8bce7713,2025-02-19 21:20:00,7082.745948,32341.09,SELL,7.652613962197525
0x8170715b3b381dffb7062c0298972d4727a0a63b,2025-02-19 21:20:00,7078.295634,16162.08,BUY,7.647772257643462
0xb899e522b5715391ae1d4f137653e7906c5e2115,2025-02-19 21:20:00,7066.554924,150150.24,SELL,7.634998990616699
0x513b8629fe877bb581bf244e326a047b249c4ff1,2025-06-15 15:06:40,7056.86096,606596.14,SELL,7.624452474203312
0x083384f897ee0f19899168e3b1bec365f52a9012,2025-02-19 21:20:00,7054.489642,79988.98,BUY,7.621872606544595
0xae5eacaf9c6b9111fd53034a602c192a04e082ed,2025-06-15 15:06:40,7047.857251,19869.35,SELL,7.614656918458535
0x513b8629fe877bb581bf244e326a047b249c4ff1,2025-06-15 15:06:40,6975.67296,606514.95,SELL,7.536124255265206
0xb899e522b5715391ae1d4f137653e7906c5e2115,2025-02-19 21:20:00,-6868.065388,226315.35,SELL,-7.525125581212982
0xb1231a4a2dd02f2276fa3c5e2a2f3436e6bfed23,2025-02-19 21:20:00,6938.4546,49999.95,BUY,7.495632662288446
0xb1231a4a2dd02f2276fa3c5e2a2f3436e6bfed23,2025-02-19 21:20:00,6938.4546,49999.95,BUY,7.495632662288446
0xbd5fead7180a9c139fa51a103cb6a2ce86ddb5c3,2025-02-19 21:20:00,6926.1,48300.0,BUY,7.482191515644943
0x513b8629fe877bb581bf244e326a047b249c4ff1,2025-06-15 15:06:40,6925.515597,1143561.72,SELL,7.481555716313365
0x23e7a7f8d14b550961925fbfdaa92f5d195ba5bd,2025-02-19 21:20:00,-6820.76955,82910.81,SELL,-7.473670229021462
0x083384f897ee0f19899168e3b1bec365f52a9012,2025-02-19 21:20:00,6903.01028,96278.23,BUY,7.457071130324704
0x72743ae2822edd658c0c50608fd7c5c501b2afbd,2024-10-27 03:33:20,6898.11876,31245.67,BUY,7.4517494171466465
0x72743ae2822edd658c0c50608fd7c5c501b2afbd,2024-10-27 03:33:20,6831.590528,30944.32,BUY,7.379370244834715
0x8170715b3b381dffb7062c0298972d4727a0a63b,2025-02-19 21:20:00,6812.250348,53554.27,BUY,7.358329159288299
0xbd5fead7180a9c139fa51a103cb6a2ce86ddb5c3,2025-06-15 15:06:40,-6692.179188,59669.22,BUY,-7.333770765454601
0xbd5fead7180a9c139fa51a103cb6a2ce86ddb5c3,2025-06-15 15:06:40,-6682.207728,59659.25,BUY,-7.322922348176031
0x083384f897ee0f19899168e3b1bec365f52a9012,2025-02-19 21:20:00,6774.84324,127096.23,BUY,7.317632218542557
0x39cef799f8b69da1995852eea189df24eb5cae3c,2025-02-19 21:20:00,6764.2252,15903.57,BUY,7.306080356668714
0x39cef799f8b69da1995852eea189df24eb5cae3c,2025-02-19 21:20:00,6742.9208,44717.57,BUY,7.282902304400584
0xbd5fead7180a9c139fa51a103cb6a2ce86ddb5c3,2025-02-19 21:20:00,6712.37336,9544.56,BUY,7.24966831700936
0x083384f897ee0f19899168e3b1bec365f52a9012,2025-02-19 21:20:00,6679.748988,23276.92,BUY,7.214174738244837
0x3998f134d6aaa2b6a5f723806d00fd2bbbbce891,2024-10-27 03:33:20,6672.970248,19477.84,SELL,7.2067998302431056
0x72743ae2822edd658c0c50608fd7c5c501b2afbd,2024-10-27 03:33:20,6668.181468,30204.15,BUY,7.201589892711864
0x72743ae2822edd658c0c50608fd7c5c501b2afbd,2024-10-27 03:33:20,6659.956424,30166.89,BUY,7.192641483005904
0x4acb90e786d897ecffb614dc822eb231b4ffb9f4,2025-02-19 21:20:00,6624.57195,74999.06,SELL,7.154145060302034
0x083384f897ee0f19899168e3b1bec365f52a9012,2025-02-19 21:20:00,6615.783166,27916.29,BUY,7.144583331507734
0x2c229d22b100a7beb69122eed721cee9b24011dd,2024-10-27 03:33:20,6608.942866,51255.08,SELL,7.137141449505439
0x513b8629fe877bb581bf244e326a047b249c4ff1,2025-02-19 21:20:00,6604.302036,997382.2,SELL,7.132092473692578
0x4acb90e786d897ecffb614dc822eb231b4ffb9f4,2025-02-19 21:20:00,6597.59625,74952.45,SELL,7.124796935756429
0xb1231a4a2dd02f2276fa3c5e2a2f3436e6bfed23,2025-06-15 15:06:40,6588.77611,10355.89,BUY,7.11520109330453
0x083384f897ee0f19899168e3b1bec365f52a9012,2025-02-19 21:20:00,6568.884663,16000.86,BUY,7.09356025862931
0x083384f897ee0f19899168e3b1bec365f52a9012,2025-02-19 21:20:00,6563.972289,16000.36,BUY,7.088215857410192
0x083384f897ee0f19899168e3b1bec365f52a9012,2025-02-19 21:20:00,6563.972289,16000.36,BUY,7.088215857410192
0x72743ae2822edd658c0c50608fd7c5c501b2afbd,2024-10-27 03:33:20,6524.861896,29554.97,BUY,7.045665833322158
0x72743ae2822edd658c0c50608fd7c5c501b2afbd,2024-10-27 03:33:20,6524.861896,29554.97,BUY,7.045665833322158
0xb1231a4a2dd02f2276fa3c5e2a2f3436e6bfed23,2024-10-27 03:33:20,6522.61014,6522.61,SELL,7.043216042750111
0x39cef799f8b69da1995852eea189df24eb5cae3c,2025-02-19 21:20:00,6517.0363,25432.68,BUY,7.037152001760729
0x4acb90e786d897ecffb614dc822eb231b4ffb9f4,2025-02-19 21:20:00,6494.09005,73712.7,SELL,7.0121877041575305
0xbd5fead7180a9c139fa51a103cb6a2ce86ddb5c3,2025-02-19 21:20:00,6487.255386,8635.77,BUY,7.004751953822994
0x72743ae2822edd658c0c50608fd7c5c501b2afbd,2024-10-27 03:33:20,6480.606792,29354.51,BUY,6.997518637736102
0x72743ae2822edd658c0c50608fd7c5c501b2afbd,2024-10-27 03:33:20,6480.606792,29354.51,BUY,6.997518637736102
0x72743ae2822edd658c0c50608fd7c5c501b2afbd,2024-10-27 03:33:20,6480.606792,29354.51,BUY,6.997518637736102
0x083384f897ee0f19899168e3b1bec365f52a9012,2024-10-27 03:33:20,-6346.15371,54192.93,BUY,-6.957313478922766
0xbd5fead7180a9c139fa51a103cb6a2ce86ddb5c3,2025-02-19 21:20:00,6434.34177,168684.74,SELL,6.947184758438764
0xbaaaf6571ab7d571043ff1e313a9609a10637864,2025-02-19 21:20:00,6422.391939,99233.89,SELL,6.934183978904334
0xb1231a4a2dd02f2276fa3c5e2a2f3436e6bfed23,2025-02-19 21:20:00,6413.679959,7956.87,BUY,6.924705808770516
0xbaaaf6571ab7d571043ff1e313a9609a10637864,2025-02-19 21:20:00,6401.883663,99233.95,SELL,6.91187206713694
0x3f9a0aadc7f04a7c9d75dc1b5a6ddd6e36486cf6,2025-02-19 21:20:00,6388.861742,8022.44,SELL,6.897704910795083
0x72c6a4624e1dffa724e6d00d64ceae698af892a0,2024-10-27 03:33:20,6376.508848,11711.23,BUY,6.884265620188698
0xbd5fead7180a9c139fa51a103cb6a2ce86ddb5c3,2025-02-19 21:20:00,-6270.5,85206.0,SELL,-6.875006272680958
0xb1231a4a2dd02f2276fa3c5e2a2f3436e6bfed23,2025-06-15 15:06:40,6361.964756,9999.4,BUY,6.868442422888211
0x72743ae2822edd658c0c50608fd7c5c501b2afbd,2024-10-27 03:33:20,6344.784384,28739.29,BUY,6.84975109338811
0x72c6a4624e1dffa724e6d00d64ceae698af892a0,2025-02-19 21:20:00,6320.600835,18675.32,BUY,6.823440680386529
0xb1231a4a2dd02f2276fa3c5e2a2f3436e6bfed23,2024-10-27 03:33:20,6319.235113,6319.24,SELL,6.82195484760552
0xbd5fead7180a9c139fa51a103cb6a2ce86ddb5c3,2025-02-19 21:20:00,6318.4,170542.0,SELL,6.821046289149811
0x430f09841d65beb3f27765503d0f850b8bce7713,2025-02-19 21:20:00,6315.16184,68162.13,SELL,6.81752334357366
0x8170715b3b381dffb7062c0298972d4727a0a63b,2025-06-15 15:06:40,-6217.314862,16339.81,BUY,-6.817143675825298
0x39cef799f8b69da1995852eea189df24eb5cae3c,2025-02-19 21:20:00,-6194.094669,16016.31,SELL,-6.7918813428316405
0xbaaaf6571ab7d571043ff1e313a9609a10637864,2025-02-19 21:20:00,6285.477912,99233.99,SELL,6.7852288112372685
0x72c6a4624e1dffa724e6d00d64ceae698af892a0,2025-02-19 21:20:00,6280.355565,15423.87,BUY,6.779655970579868
0xbaaaf6571ab7d571043ff1e313a9609a10637864,2025-02-19 21:20:00,6271.763628,99233.99,SELL,6.7703084008350976
0x4acb90e786d897ecffb614dc822eb231b4ffb9f4,2024-10-27 03:33:20,-6169.375076,14147.49,SELL,-6.764987742514292
0x72743ae2822edd658c0c50608fd7c5c501b2afbd,2024-10-27 03:33:20,6264.790372,28376.95,BUY,6.76272186978766
0x513b8629fe877bb581bf244e326a047b249c4ff1,2025-06-15 15:06:40,-6123.212194,825759.44,BUY,-6.714764986095734
0xbaaaf6571ab7d571043ff1e313a9609a10637864,2025-02-19 21:20:00,6203.127408,99233.92,SELL,6.695635849876287
0xb1231a4a2dd02f2276fa3c5e2a2f3436e6bfed23,2025-06-15 15:06:40,6173.580119,9703.31,BUY,6.663489973492838
0x083384f897ee0f19899168e3b1bec365f52a9012,2024-10-27 03:33:20,-6075.244889,51879.5,BUY,-6.662579113578725
0x083384f897ee0f19899168e3b1bec365f52a9012,2025-02-19 21:20:00,6171.183606,29999.59,BUY,6.660882695016314
0x083384f897ee0f19899168e3b1bec365f52a9012,2025-02-19 21:20:00,6171.183606,29999.59,BUY,6.660882695016314
0x083384f897ee0f19899168e3b1bec365f52a9012,2025-02-19 21:20:00,6171.183606,29999.59,BUY,6.660882695016314
0x083384f897ee0f19899168e3b1bec365f52a9012,2025-02-19 21:20:00,6171.183606,29999.59,BUY,6.660882695016314
0x083384f897ee0f19899168e3b1bec365f52a9012,2025-02-19 21:20:00,6161.05253,69858.53,BUY,6.649860624032836
0x083384f897ee0f19899168e3b1bec365f52a9012,2025-02-19 21:20:00,6161.05253,69858.53,BUY,6.649860624032836
0x083384f897ee0f19899168e3b1bec365f52a9012,2025-02-19 21:20:00,6161.05253,69858.53,BUY,6.649860624032836
0x083384f897ee0f19899168e3b1bec365f52a9012,2025-02-19 21:20:00,6161.05253,69858.53,BUY,6.649860624032836
0x420ab45e0bd8863569a5efbb9c05d91f40624641,2025-02-19 21:20:00,6154.92,32516.4,BUY,6.643188758086089
0x72743ae2822edd658c0c50608fd7c5c501b2afbd,2024-10-27 03:33:20,6152.4057,27867.89,BUY,6.6404533336283365
0xbd5fead7180a9c139fa51a103cb6a2ce86ddb5c3,2025-02-19 21:20:00,6145.218408,15956.43,BUY,6.632633942815062
0xbee1707d6b44d4d52bfe19e41f8a828645437aab,2024-10-27 03:33:20,6081.76222,27461.78,SELL,6.563596990720644
0x3998f134d6aaa2b6a5f723806d00fd2bbbbce891,2025-02-19 21:20:00,-5981.36399,15.56,SELL,-6.560441696707042
0x4acb90e786d897ecffb614dc822eb231b4ffb9f4,2025-02-19 21:20:00,6076.17885,79167.95,SELL,6.5575225815989455
0xb1231a4a2dd02f2276fa3c5e2a2f3436e6bfed23,2025-02-19 21:20:00,6075.7515,49999.95,BUY,6.557057647564813
0x420ab45e0bd8863569a5efbb9c05d91f40624641,2025-02-19 21:20:00,6068.762865,8175.87,BUY,6.549454384984647
0x72c6a4624e1dffa724e6d00d64ceae698af892a0,2025-02-19 21:20:00,6068.114845,24990.78,BUY,6.548749373746086
0x4acb90e786d897ecffb614dc822eb231b4ffb9f4,2025-02-19 21:20:00,6062.6826,79153.37,SELL,6.542839380573629
0x72743ae2822edd658c0c50608fd7c5c501b2afbd,2024-10-27 03:33:20,6059.528212,27447.2,BUY,6.5394075744707605
0xbaaaf6571ab7d571043ff1e313a9609a10637864,2025-02-19 21:20:00,6047.234803,80189.94,SELL,6.526033000375479
0x72743ae2822edd658c0c50608fd7c5c501b2afbd,2024-10-27 03:33:20,6046.571948,27388.51,BUY,6.525311849447211
0x8170715b3b381dffb7062c0298972d4727a0a63b,2025-06-15 15:06:40,-5947.019106,16456.98,BUY,-6.523076292541946
0x513b8629fe877bb581bf244e326a047b249c4ff1,2025-02-19 21:20:00,6034.978048,1499931.75,SELL,6.512698303879559
0x8170715b3b381dffb7062c0298972d4727a0a63b,2025-06-15 15:06:40,-5928.035388,15445.53,BUY,-6.502423018662022
0x4f93fead39b70a1824f981a54d4e55b278e9f760,2025-02-19 21:20:00,-5920.112,80631.76,SELL,-6.493802794614188
0x72c6a4624e1dffa724e6d00d64ceae698af892a0,2025-02-19 21:20:00,6016.2768,6153.88,BUY,6.492352342311842
0x4acb90e786d897ecffb614dc822eb231b4ffb9f4,2025-02-19 21:20:00,6006.28875,78177.72,SELL,6.481485875997057
0x513b8629fe877bb581bf244e326a047b249c4ff1,2025-06-15 15:06:40,5990.040714,1292413.14,SELL,6.463808878397384
0x4acb90e786d897ecffb614dc822eb231b4ffb9f4,2025-02-19 21:20:00,5979.81475,78151.25,SELL,6.452683574324798
0x72743ae2822edd658c0c50608fd7c5c501b2afbd,2024-10-27 03:33:20,5974.002312,27059.8,BUY,6.4463599514220515
0x8170715b3b381dffb7062c0298972d4727a0a63b,2025-06-15 15:06:40,-5874.33132,15446.0,BUY,-6.443995853610896
0xbee1707d6b44d4d52bfe19e41f8a828645437aab,2024-10-27 03:33:20,5962.753141,65395.21,SELL,6.434121452641934
0x72743ae2822edd658c0c50608fd7c5c501b2afbd,2024-10-27 03:33:20,5957.770588,26986.27,BUY,6.4287007004094034
0x75f7eeb85dc639d5e99c78f95393aa9a5f1170d4,2024-10-27 03:33:20,5949.806984,46647.01,BUY,6.420036723495963
0xb1231a4a2dd02f2276fa3c5e2a2f3436e6bfed23,2024-10-27 03:33:20,5945.086485,5945.09,SELL,6.414901072055244
0x75f7eeb85dc639d5e99c78f95393aa9a5f1170d4,2025-02-19 21:20:00,-5843.04,45843.0,BUY,-6.409952564407782
0x72c6a4624e1dffa724e6d00d64ceae698af892a0,2025-02-19 21:20:00,5933.217165,11849.66,BUY,6.401987884199817
0xb1231a4a2dd02f2276fa3c5e2a2f3436e6bfed23,2024-10-27 03:33:20,5931.996,5932.0,SELL,6.400659321733941
0x083384f897ee0f19899168e3b1bec365f52a9012,2025-02-19 21:20:00,5913.621,29215.05,BUY,6.380668300610281
0x430f09841d65beb3f27765503d0f850b8bce7713,2025-02-19 21:20:00,5900.800352,27766.81,SELL,6.366720118570172
0x8170715b3b381dffb7062c0298972d4727a0a63b,2025-06-15 15:06:40,-5778.306044,15236.69,BUY,-6.339525468798854
0xb1231a4a2dd02f2276fa3c5e2a2f3436e6bfed23,2025-06-15 15:06:40,5862.10625,9202.5,BUY,6.324622996913407
0xb1231a4a2dd02f2276fa3c5e2a2f3436e6bfed23,2025-06-15 15:06:40,5861.48125,9203.12,BUY,6.323943030208521
0x8381e6d82f1affd39a336e143e081ef7620a3b7f,2025-02-19 21:20:00,5848.435718,20001.42,SELL,6.309750186356473
0x8381e6d82f1affd39a336e143e081ef7620a3b7f,2025-02-19 21:20:00,5841.346462,20001.18,SELL,6.302037453488608
0xb1231a4a2dd02f2276fa3c5e2a2f3436e6bfed23,2024-10-27 03:33:20,5834.846722,5834.85,SELL,6.294966082623938
0x72743ae2822edd658c0c50608fd7c5c501b2afbd,2024-10-27 03:33:20,5833.011956,26421.17,BUY,6.292969954957926
0x8170715b3b381dffb7062c0298972d4727a0a63b,2025-06-15 15:06:40,-5734.522444,15192.91,BUY,-6.291891244446752
0x8170715b3b381dffb7062c0298972d4727a0a63b,2025-06-15 15:06:40,-5719.38516,15225.38,BUY,-6.275422685850897
0x72743ae2822edd658c0c50608fd7c5c501b2afbd,2024-10-27 03:33:20,5815.615624,26342.37,BUY,6.274043672482486
0x083384f897ee0f19899168e3b1bec365f52a9012,2024-10-27 03:33:20,-5697.78897,48656.22,BUY,-6.251927181607056
0x083384f897ee0f19899168e3b1bec365f52a9012,2024-10-27 03:33:20,-5694.677492,48629.65,BUY,-6.248542059298278
0x4acb90e786d897ecffb614dc822eb231b4ffb9f4,2025-02-19 21:20:00,5790.010366,76382.77,SELL,6.246186515826446
0x8170715b3b381dffb7062c0298972d4727a0a63b,2025-06-15 15:06:40,-5692.044628,15225.95,BUY,-6.2456776435246875
0x8170715b3b381dffb7062c0298972d4727a0a63b,2025-06-15 15:06:40,-5690.00313,15183.69,BUY,-6.2434566024557405
0x8170715b3b381dffb7062c0298972d4727a0a63b,2025-06-15 15:06:40,-5647.911428,15181.82,BUY,-6.197663072996542
0xb1231a4a2dd02f2276fa3c5e2a2f3436e6bfed23,2024-10-27 03:33:20,5742.369701,5742.37,SELL,6.194356010228611
0xb1231a4a2dd02f2276fa3c5e2a2f3436e6bfed23,2024-10-27 03:33:20,5742.106846,5742.11,SELL,6.19407003799147
0xbd5fead7180a9c139fa51a103cb6a2ce86ddb5c3,2025-02-19 21:20:00,-5622.707755,69174.88,SELL,-6.170242819427191
0xbaaaf6571ab7d571043ff1e313a9609a10637864,2025-02-19 21:20:00,5708.729144,597923.69,SELL,6.157756876318479
0xbd5fead7180a9c139fa51a103cb6a2ce86ddb5c3,2025-06-15 15:06:40,-5602.794928,50000.08,BUY,-6.148578724450931
0x4acb90e786d897ecffb614dc822eb231b4ffb9f4,2025-02-19 21:20:00,5693.212152,72213.42,SELL,6.140875215646497
0x420ab45e0bd8863569a5efbb9c05d91f40624641,2025-02-19 21:20:00,5685.291018,4161.39,BUY,6.132257443830588
0x420ab45e0bd8863569a5efbb9c05d91f40624641,2025-02-19 21:20:00,5685.291018,4161.39,BUY,6.132257443830588
0xb1231a4a2dd02f2276fa3c5e2a2f3436e6bfed23,2024-10-27 03:33:20,5647.859063,5647.86,SELL,6.091533470872499
0x513b8629fe877bb581bf244e326a047b249c4ff1,2025-02-19 21:20:00,5601.343774,1074631.95,SELL,6.04092731441143
0xb1231a4a2dd02f2276fa3c5e2a2f3436e6bfed23,2025-06-15 15:06:40,5590.446357,8777.57,BUY,6.02907150524461
0x72c6a4624e1dffa724e6d00d64ceae698af892a0,2025-02-19 21:20:00,5565.517755,17413.15,BUY,6.001950514269627
0x72743ae2822edd658c0c50608fd7c5c501b2afbd,2024-10-27 03:33:20,5531.232908,25054.23,BUY,5.964650427162229
0x4f93fead39b70a1824f981a54d4e55b278e9f760,2025-02-19 21:20:00,5512.497067,239739.95,SELL,5.944266830253357
0x420ab45e0bd8863569a5efbb9c05d91f40624641,2025-02-19 21:20:00,5509.13319,7421.93,BUY,5.940607111278423
0x083384f897ee0f19899168e3b1bec365f52a9012,2024-10-27 03:33:20,-5402.450842,46134.18,BUY,-5.9306150316494985
0xbaaaf6571ab7d571043ff1e313a9609a10637864,2025-02-19 21:20:00,5487.042141,75044.9,SELL,5.916573226804801
0xbd5fead7180a9c139fa51a103cb6a2ce86ddb5c3,2025-02-19 21:20:00,5485.486671,28506.73,BUY,5.914880958308082
0x72743ae2822edd658c0c50608fd7c5c501b2afbd,2024-10-27 03:33:20,5452.694656,24698.49,BUY,5.879204992890266
0x083384f897ee0f19899168e3b1bec365f52a9012,2025-02-19 21:20:00,5443.86766,116712.49,BUY,5.8696016914756015
0x72743ae2822edd658c0c50608fd7c5c501b2afbd,2024-10-27 03:33:20,5443.668944,24657.6,BUY,5.869385499053637
0x420ab45e0bd8863569a5efbb9c05d91f40624641,2025-02-19 21:20:00,5431.7241,4681.13,BUY,5.856390145109538
0x513b8629fe877bb581bf244e326a047b249c4ff1,2025-02-19 21:20:00,-5332.048524,24299.09,SELL,-5.854021060150581
0x4acb90e786d897ecffb614dc822eb231b4ffb9f4,2024-10-27 03:33:20,5413.567874,100104.56,SELL,5.83663713844331
0xbaaaf6571ab7d571043ff1e313a9609a10637864,2025-02-19 21:20:00,5404.355199,69677.42,SELL,5.826614238822606
0x4acb90e786d897ecffb614dc822eb231b4ffb9f4,2025-02-19 21:20:00,5378.618622,70390.27,SELL,5.7986142140902155
0xb1231a4a2dd02f2276fa3c5e2a2f3436e6bfed23,2024-10-27 03:33:20,5374.995,5375.0,SELL,5.794671906392465
0x420ab45e0bd8863569a5efbb9c05d91f40624641,2025-02-19 21:20:00,5359.568445,7220.44,BUY,5.777888636358707
0xb1231a4a2dd02f2276fa3c5e2a2f3436e6bfed23,2025-02-19 21:20:00,5356.83225,49999.95,BUY,5.774911801961785
0xb1231a4a2dd02f2276fa3c5e2a2f3436e6bfed23,2024-10-27 03:33:20,5354.96109,5354.96,SELL,5.77287607956256
0x4acb90e786d897ecffb614dc822eb231b4ffb9f4,2025-02-19 21:20:00,5332.92375,69062.09,SELL,5.748900627619743
0x083384f897ee0f19899168e3b1bec365f52a9012,2025-02-19 21:20:00,5330.840533,22499.85,BUY,5.7466341985012575
0x083384f897ee0f19899168e3b1bec365f52a9012,2025-02-19 21:20:00,5318.103878,60300.56,BUY,5.732777396370658
0x4f93fead39b70a1824f981a54d4e55b278e9f760,2025-02-19 21:20:00,-5180.098,70552.79,SELL,-5.688706984774517
0x4f93fead39b70a1824f981a54d4e55b278e9f760,2025-02-19 21:20:00,-5178.558,70554.33,SELL,-5.687031546813677
0x083384f897ee0f19899168e3b1bec365f52a9012,2025-02-19 21:20:00,-5149.876128,199513.81,BUY,-5.655827198023576
0x513b8629fe877bb581bf244e326a047b249c4ff1,2025-06-15 15:06:40,5227.378842,771348.23,SELL,5.634073390323268
0x2c229d22b100a7beb69122eed721cee9b24011dd,2024-10-27 03:33:20,5226.481974,11232.4,SELL,5.633097645717384
0xbaaaf6571ab7d571043ff1e313a9609a10637864,2025-02-19 21:20:00,5219.231127,103193.48,SELL,5.6252091104498225
0x083384f897ee0f19899168e3b1bec365f52a9012,2025-02-19 21:20:00,5217.209935,25362.1,BUY,5.62301016122713
0xae5eacaf9c6b9111fd53034a602c192a04e082ed,2025-06-15 15:06:40,5209.367121,14706.55,SELL,5.614477597398944
0x083384f897ee0f19899168e3b1bec365f52a9012,2025-02-19 21:20:00,5203.718681,25296.52,BUY,5.608332395583666
0xbd5fead7180a9c139fa51a103cb6a2ce86ddb5c3,2025-02-19 21:20:00,5180.4,356000.0,SELL,5.582962912892678
0x083384f897ee0f19899168e3b1bec365f52a9012,2024-10-27 03:33:20,-5070.8682,43302.64,BUY,-5.569870781284279
0x8170715b3b381dffb7062c0298972d4727a0a63b,2025-02-19 21:20:00,5139.242588,41049.09,BUY,5.538185841181813
0xb1231a4a2dd02f2276fa3c5e2a2f3436e6bfed23,2024-07-03 09:46:40,-5028.066368,19279.04,SELL,-5.523304668215253
0xb1231a4a2dd02f2276fa3c5e2a2f3436e6bfed23,2025-02-19 21:20:00,5118.065223,2812.86,BUY,5.51514599622625
0x083384f897ee0f19899168e3b1bec365f52a9012,2025-02-19 21:20:00,5111.79718,71295.68,BUY,5.508326699354576
0xbd5fead7180a9c139fa51a103cb6a2ce86ddb5c3,2025-02-19 21:20:00,5106.953712,13260.51,BUY,5.503057264192685
0x083384f897ee0f19899168e3b1bec365f52a9012,2025-02-19 21:20:00,5090.572,57720.64,BUY,5.485234834226224
0x083384f897ee0f19899168e3b1bec365f52a9012,2025-02-19 21:20:00,5090.572,57720.64,BUY,5.485234834226224
0xb1231a4a2dd02f2276fa3c5e2a2f3436e6bfed23,2024-10-27 03:33:20,5088.492243,5088.5,SELL,5.482972169403417
0xbee1707d6b44d4d52bfe19e41f8a828645437aab,2024-10-27 03:33:20,5071.541998,19592.76,SELL,5.4645312058199496
0x92f17e8d81a944691c10e753af1b1baae1a2cd0d,2025-06-15 15:06:40,5058.162,53986.32,SELL,5.449974480777636
0x92f17e8d81a944691c10e753af1b1baae1a2cd0d,2025-06-15 15:06:40,5058.162,53986.32,SELL,5.449974480777636
0x083384f897ee0f19899168e3b1bec365f52a9012,2024-10-27 03:33:20,-4948.586829,78852.88,BUY,-5.436835163831703
0x513b8629fe877bb581bf244e326a047b249c4ff1,2025-02-19 21:20:00,5041.52964,240127.14,SELL,5.4318793591397405
0xb1231a4a2dd02f2276fa3c5e2a2f3436e6bfed23,2025-02-19 21:20:00,5027.4756,45000.0,BUY,5.416589312309115
0x4acb90e786d897ecffb614dc822eb231b4ffb9f4,2025-02-19 21:20:00,5017.48024,388200.16,BUY,5.405714893103749
0xbee1707d6b44d4d52bfe19e41f8a828645437aab,2024-10-27 03:33:20,5016.74827,19592.78,SELL,5.404918548737388
0xbd5fead7180a9c139fa51a103cb6a2ce86ddb5c3,2025-02-19 21:20:00,5009.58912,15999.69,BUY,5.397129774920928
0x72743ae2822edd658c0c50608fd7c5c501b2afbd,2024-10-27 03:33:20,5002.864816,22660.94,BUY,5.389814090387274
0x39cef799f8b69da1995852eea189df24eb5cae3c,2025-02-19 21:20:00,-4895.990788,14421.04,BUY,-5.37961347312956
0x083384f897ee0f19899168e3b1bec365f52a9012,2025-02-19 21:20:00,4965.05708,181139.41,SELL,5.348681287719858
0xbd5fead7180a9c139fa51a103cb6a2ce86ddb5c3,2025-02-19 21:20:00,-4867.292808,243350.02,SELL,-5.348391599693568
0xb1231a4a2dd02f2276fa3c5e2a2f3436e6bfed23,2025-02-19 21:20:00,4963.69,2725.39,BUY,5.347193977507192
0x083384f897ee0f19899168e3b1bec365f52a9012,2025-02-19 21:20:00,4960.159938,28859.22,BUY,5.343353458105297
0xb1231a4a2dd02f2276fa3c5e2a2f3436e6bfed23,2024-10-27 03:33:20,4941.198,4941.2,SELL,5.322723879705106
0xb1231a4a2dd02f2276fa3c5e2a2f3436e6bfed23,2024-10-27 03:33:20,4935.798,4935.8,SELL,5.316848967374887
0xb1231a4a2dd02f2276fa3c5e2a2f3436e6bfed23,2024-10-27 03:33:20,4935.798,4935.8,SELL,5.316848967374887
0x72743ae2822edd658c0c50608fd7c5c501b2afbd,2024-10-27 03:33:20,4930.731908,22334.21,BUY,5.3113373291606605
0x39cef799f8b69da1995852eea189df24eb5cae3c,2024-10-27 03:33:20,4930.629033,20713.37,SELL,5.311225406641037
0x430f09841d65beb3f27765503d0f850b8bce7713,2024-10-27 03:33:20,4921.104136,22647.82,SELL,5.300862826117081
0x39cef799f8b69da1995852eea189df24eb5cae3c,2025-02-19 21:20:00,4920.238869,79746.81,BUY,5.2999214617157415
0xb1231a4a2dd02f2276fa3c5e2a2f3436e6bfed23,2024-07-03 09:46:40,4908.891554,20054.3,BUY,5.287576187491969
0x083384f897ee0f19899168e3b1bec365f52a9012,2025-02-19 21:20:00,4904.65827,28536.3,BUY,5.282970600016244
0xb1231a4a2dd02f2276fa3c5e2a2f3436e6bfed23,2025-02-19 21:20:00,4904.0868,2692.66,BUY,5.282348871099698
0x4f93fead39b70a1824f981a54d4e55b278e9f760,2025-02-19 21:20:00,4902.5178,99826.15,SELL,5.280641882683751
0x513b8629fe877bb581bf244e326a047b249c4ff1,2025-06-15 15:06:40,4899.613452,2423217.53,SELL,5.277482106780705
0x083384f897ee0f19899168e3b1bec365f52a9012,2025-02-19 21:20:00,4883.010515,17015.83,BUY,5.2594189957993835
0x271b280974205ca63b716753467d5a371de622ab,2025-06-15 15:06:40,-4785.2,186168.0,BUY,-5.2590789978525585
0x4acb90e786d897ecffb614dc822eb231b4ffb9f4,2024-10-27 03:33:20,4877.277843,100104.11,SELL,5.253182154055328
0xbaaaf6571ab7d571043ff1e313a9609a10637864,2025-02-19 21:20:00,4873.769712,87424.91,SELL,5.249365494413121
0x083384f897ee0f19899168e3b1bec365f52a9012,2024-10-27 03:33:20,-4775.067555,40776.65,BUY,-5.2480554374700095
0xbd5fead7180a9c139fa51a103cb6a2ce86ddb5c3,2025-02-19 21:20:00,4867.373122,25448.93,BUY,5.242406345253427
0x083384f897ee0f19899168e3b1bec365f52a9012,2025-02-19 21:20:00,4863.242034,23641.38,BUY,5.237911941581497
0xbaaaf6571ab7d571043ff1e313a9609a10637864,2025-02-19 21:20:00,4862.873862,74424.92,SELL,5.237511390058823
0x72743ae2822edd658c0c50608fd7c5c501b2afbd,2025-02-19 21:20:00,4853.724876,59998.92,BUY,5.227557780677269
0x4acb90e786d897ecffb614dc822eb231b4ffb9f4,2025-02-19 21:20:00,4815.69255,85418.49,SELL,5.186180636054252
0x8170715b3b381dffb7062c0298972d4727a0a63b,2025-02-19 21:20:00,-4714.169792,30005.37,BUY,-5.18180191548271
0xbee1707d6b44d4d52bfe19e41f8a828645437aab,2024-10-27 03:33:20,4809.227081,21373.76,SELL,5.179146550211892
0x430f09841d65beb3f27765503d0f850b8bce7713,2024-10-27 03:33:20,4784.985,4785.0,SELL,5.152772457512437
0x39cef799f8b69da1995852eea189df24eb5cae3c,2025-02-19 21:20:00,-4676.755988,45554.52,BUY,-5.141097689845679
0xbee1707d6b44d4d52bfe19e41f8a828645437aab,2024-10-27 03:33:20,4765.590007,24700.83,SELL,5.131671738342031
0x083384f897ee0f19899168e3b1bec365f52a9012,2025-02-19 21:20:00,4759.699231,16586.12,BUY,5.12526288786852
0xbee1707d6b44d4d52bfe19e41f8a828645437aab,2024-10-27 03:33:20,4757.897801,62798.1,SELL,5.123303027994627
0x39cef799f8b69da1995852eea189df24eb5cae3c,2025-02-19 21:20:00,4752.20664,26129.95,BUY,5.117111348007191
0x4acb90e786d897ecffb614dc822eb231b4ffb9f4,2024-10-27 03:33:20,4746.268116,97415.19,SELL,5.110650550253321
0xb1231a4a2dd02f2276fa3c5e2a2f3436e6bfed23,2025-06-15 15:06:40,4742.699431,7460.84,BUY,5.106768011084957
0x083384f897ee0f19899168e3b1bec365f52a9012,2025-02-19 21:20:00,4741.9207,101663.27,BUY,5.105920793241656
0x4f93fead39b70a1824f981a54d4e55b278e9f760,2024-07-03 09:46:40,-4616.171118,28536.19,SELL,-5.075184578773887
0xb1231a4a2dd02f2276fa3c5e2a2f3436e6bfed23,2024-10-27 03:33:20,4713.094779,4713.1,SELL,5.0745597268133595
0xbaaaf6571ab7d571043ff1e313a9609a10637864,2025-02-19 21:20:00,4703.705248,126003.33,SELL,5.064344417286162
0x4acb90e786d897ecffb614dc822eb231b4ffb9f4,2025-02-19 21:20:00,4701.348618,79396.94,SELL,5.061780529388984
0xbd5fead7180a9c139fa51a103cb6a2ce86ddb5c3,2025-02-19 21:20:00,4700.443939,32779.12,BUY,5.0607962868312075
0x430f09841d65beb3f27765503d0f850b8bce7713,2024-10-27 03:33:20,4698.7,21500.0,SELL,5.058898974102643
0x4acb90e786d897ecffb614dc822eb231b4ffb9f4,2025-02-19 21:20:00,4668.94785,107418.78,SELL,5.026530219864586
0x72c6a4624e1dffa724e6d00d64ceae698af892a0,2025-02-19 21:20:00,4665.14364,9317.1,BUY,5.022391442043153
0xbd5fead7180a9c139fa51a103cb6a2ce86ddb5c3,2025-02-19 21:20:00,4649.542184,46697.02,SELL,5.005417889038753
0x8381e6d82f1affd39a336e143e081ef7620a3b7f,2025-02-19 21:20:00,4645.751462,40124.65,SELL,5.001293785442785
0xb1231a4a2dd02f2276fa3c5e2a2f3436e6bfed23,2024-10-27 03:33:20,4640.448184,4640.45,SELL,4.995524101495974
0x083384f897ee0f19899168e3b1bec365f52a9012,2025-02-19 21:20:00,-4540.589495,90840.46,SELL,-4.992955799347847
0x4acb90e786d897ecffb614dc822eb231b4ffb9f4,2025-02-19 21:20:00,4633.5983,82188.58,SELL,4.9880717926122395
0xbd5fead7180a9c139fa51a103cb6a2ce86ddb5c3,2025-02-19 21:20:00,4617.4,32200.0,BUY,4.970448905131022
0x39cef799f8b69da1995852eea189df24eb5cae3c,2025-02-19 21:20:00,4611.56195,22061.46,BUY,4.964097417736683
0xbee1707d6b44d4d52bfe19e41f8a828645437aab,2024-10-27 03:33:20,4611.013951,24774.34,SELL,4.963501224017785
0x083384f897ee0f19899168e3b1bec365f52a9012,2024-10-27 03:33:20,-4512.48404,38534.32,BUY,-4.962378561546754
0x513b8629fe877bb581bf244e326a047b249c4ff1,2025-06-15 15:06:40,-4498.11884,354559.83,SELL,-4.9467499892123
0xb1231a4a2dd02f2276fa3c5e2a2f3436e6bfed23,2025-02-19 21:20:00,4594.436622,2525.08,BUY,4.945465973176269
0xb1231a4a2dd02f2276fa3c5e2a2f3436e6bfed23,2024-10-27 03:33:20,4593.468203,4593.47,SELL,4.944412384894062
0xb1231a4a2dd02f2276fa3c5e2a2f3436e6bfed23,2024-10-27 03:33:20,4585.282045,4585.28,SELL,4.935506281084559
0xbd5fead7180a9c139fa51a103cb6a2ce86ddb5c3,2025-06-15 15:06:40,-4486.177344,39999.93,BUY,-4.933758277713845
0x8170715b3b381dffb7062c0298972d4727a0a63b,2025-06-15 15:06:40,-4485.202514,11755.9,BUY,-4.932697714605166
0xbd5fead7180a9c139fa51a103cb6a2ce86ddb5c3,2025-06-15 15:06:40,-4482.223874,39999.96,BUY,-4.929457112963818
0x083384f897ee0f19899168e3b1bec365f52a9012,2025-02-19 21:20:00,4575.310271,22241.67,BUY,4.924657522190716
0xb1231a4a2dd02f2276fa3c5e2a2f3436e6bfed23,2024-10-27 03:33:20,4554.323217,4554.33,SELL,4.901824725464873
0x4f93fead39b70a1824f981a54d4e55b278e9f760,2024-07-03 09:46:40,4552.630795,59245.52,SELL,4.899983460487885
0x8170715b3b381dffb7062c0298972d4727a0a63b,2025-06-15 15:06:40,-4443.720114,11755.46,BUY,-4.88756707326312
0xbd5fead7180a9c139fa51a103cb6a2ce86ddb5c3,2025-02-19 21:20:00,4515.762582,6014.41,BUY,4.85987280879403
0x4f93fead39b70a1824f981a54d4e55b278e9f760,2025-02-19 21:20:00,-4403.859174,59999.59,SELL,-4.8442004940223615
0x083384f897ee0f19899168e3b1bec365f52a9012,2025-02-19 21:20:00,4497.243852,26165.88,BUY,4.83972541708718
0xbd5fead7180a9c139fa51a103cb6a2ce86ddb5c3,2025-02-19 21:20:00,-4395.195,53235.0,SELL,-4.834774334269814
0x083384f897ee0f19899168e3b1bec365f52a9012,2025-02-19 21:20:00,4480.51646,21780.86,BUY,4.821526905695848
0x083384f897ee0f19899168e3b1bec365f52a9012,2025-02-19 21:20:00,4480.328,62488.4,BUY,4.821321871255524
0x2c229d22b100a7beb69122eed721cee9b24011dd,2025-02-19 21:20:00,4465.034496,99697.06,SELL,4.804683353621849
0x72c6a4624e1dffa724e6d00d64ceae698af892a0,2025-02-19 21:20:00,4451.2875,6581.25,SELL,4.789727354306319
0x39cef799f8b69da1995852eea189df24eb5cae3c,2025-02-19 21:20:00,4444.33987,10000.04,BUY,4.782168702981727
0x271b280974205ca63b716753467d5a371de622ab,2025-06-15 15:06:40,-4336.829331,240493.67,BUY,-4.771275595664343
0xb1231a4a2dd02f2276fa3c5e2a2f3436e6bfed23,2024-10-27 03:33:20,4426.740219,4426.74,SELL,4.763021220265534
0xbee1707d6b44d4d52bfe19e41f8a828645437aab,2024-10-27 03:33:20,4426.207245,19924.73,SELL,4.762441372946221
0x72743ae2822edd658c0c50608fd7c5c501b2afbd,2024-10-27 03:33:20,4422.162152,20030.59,BUY,4.758040527253151
0x4f93fead39b70a1824f981a54d4e55b278e9f760,2024-07-03 09:46:40,-4308.400952,101723.96,SELL,-4.740347033754117
0x28736f43f1e871e6aa8b1148d38d4994275d72c4,2024-10-27 03:33:20,4396.862703,4999.91,SELL,4.730516074497997
0x4f93fead39b70a1824f981a54d4e55b278e9f760,2025-02-19 21:20:00,-4297.729644,58497.62,SELL,-4.7287372191339765
0xbd5fead7180a9c139fa51a103cb6a2ce86ddb5c3,2025-06-15 15:06:40,-4288.02192,38249.99,BUY,-4.718175732573614
0x083384f897ee0f19899168e3b1bec365f52a9012,2025-02-19 21:20:00,4383.237418,21307.96,BUY,4.715692490266656
0x083384f897ee0f19899168e3b1bec365f52a9012,2025-02-19 21:20:00,4354.94262,49379.53,BUY,4.684909257368279
0x72743ae2822edd658c0c50608fd7c5c501b2afbd,2024-10-27 03:33:20,4351.63058,19711.11,BUY,4.6813059342878764
0x92f17e8d81a944691c10e753af1b1baae1a2cd0d,2025-06-15 15:06:40,4345.0,46379.5,SELL,4.67409221647334
0x72c6a4624e1dffa724e6d00d64ceae698af892a0,2025-02-19 21:20:00,4336.75165,18641.67,BUY,4.66511845108094
0xa520ded057a32086c40e7dd6ed4eb8efb82c00e0,2024-10-27 03:33:20,4323.990676,4999.77,SELL,4.651235191173867
0x3998f134d6aaa2b6a5f723806d00fd2bbbbce891,2025-02-19 21:20:00,4317.48,13886.82,BUY,4.644151922523782
0x083384f897ee0f19899168e3b1bec365f52a9012,2025-02-19 21:20:00,4307.970422,20942.07,BUY,4.63380600825575
0x083384f897ee0f19899168e3b1bec365f52a9012,2024-10-27 03:33:20,-4204.7,35906.0,BUY,-4.627525922354082
0xb1231a4a2dd02f2276fa3c5e2a2f3436e6bfed23,2024-10-27 03:33:20,4301.134372,4301.14,SELL,4.626368750027049
0x083384f897ee0f19899168e3b1bec365f52a9012,2025-02-19 21:20:00,4283.473145,20822.98,BUY,4.607154275903143
0x8170715b3b381dffb7062c0298972d4727a0a63b,2025-02-19 21:20:00,4271.103903,4999.96,BUY,4.5936971995436515
0x39cef799f8b69da1995852eea189df24eb5cae3c,2025-02-19 21:20:00,4268.38414,20276.63,BUY,4.590738242287361
0x72743ae2822edd658c0c50608fd7c5c501b2afbd,2024-10-27 03:33:20,4267.050924,19328.0,BUY,4.589287774302686
0x083384f897ee0f19899168e3b1bec365f52a9012,2025-02-19 21:20:00,4260.396,20710.8,BUY,4.582047571513006
0x083384f897ee0f19899168e3b1bec365f52a9012,2025-02-19 21:20:00,4260.396,20710.8,BUY,4.582047571513006
0x083384f897ee0f19899168e3b1bec365f52a9012,2025-02-19 21:20:00,4260.396,20710.8,BUY,4.582047571513006
0x39cef799f8b69da1995852eea189df24eb5cae3c,2025-02-19 21:20:00,4259.95046,20236.57,BUY,4.581562847727895
0x513b8629fe877bb581bf244e326a047b249c4ff1,2025-06-15 15:06:40,4241.273574,364121.34,SELL,4.561243390718361
0x4acb90e786d897ecffb614dc822eb231b4ffb9f4,2025-02-19 21:20:00,4230.0,415525.0,BUY,4.5489783427742445
0xbd5fead7180a9c139fa51a103cb6a2ce86ddb5c3,2025-02-19 21:20:00,-4128.13458,50000.34,SELL,-4.544226824201055
0xbee1707d6b44d4d52bfe19e41f8a828645437aab,2024-10-27 03:33:20,4217.559174,97197.19,SELL,4.535443386836189
0x4f93fead39b70a1824f981a54d4e55b278e9f760,2024-03-09 16:00:00,-4115.129172,34391.07,SELL,-4.530077633123514
0x083384f897ee0f19899168e3b1bec365f52a9012,2025-02-19 21:20:00,4209.451709,14668.68,BUY,4.526622896818537
0x72743ae2822edd658c0c50608fd7c5c501b2afbd,2024-10-27 03:33:20,4207.219188,19056.99,BUY,4.524194032901802
0xb1231a4a2dd02f2276fa3c5e2a2f3436e6bfed23,2024-10-27 03:33:20,4206.106047,4206.11,SELL,4.522982994793252
0x513b8629fe877bb581bf244e326a047b249c4ff1,2025-02-19 21:20:00,4200.0,1186755.0,SELL,4.516339940939698
0x513b8629fe877bb581bf244e326a047b249c4ff1,2025-06-15 15:06:40,4192.822299,605228.09,SELL,4.508530984623491
0x8170715b3b381dffb7062c0298972d4727a0a63b,2025-06-15 15:06:40,-4066.523892,11328.19,BUY,-4.477197677792826
0x39cef799f8b69da1995852eea189df24eb5cae3c,2025-02-19 21:20:00,4155.0291,34332.44,BUY,4.467413997437657
0x39cef799f8b69da1995852eea189df24eb5cae3c,2025-02-19 21:20:00,4155.0291,34332.44,BUY,4.467413997437657
0x083384f897ee0f19899168e3b1bec365f52a9012,2025-02-19 21:20:00,4113.412338,19996.28,BUY,4.422137177397368
0xbaaaf6571ab7d571043ff1e313a9609a10637864,2025-02-19 21:20:00,4109.205632,89155.58,SELL,4.417560505369775
0x083384f897ee0f19899168e3b1bec365f52a9012,2025-02-19 21:20:00,4108.085688,10013.89,BUY,4.416342065959635
0x083384f897ee0f19899168e3b1bec365f52a9012,2025-02-19 21:20:00,4102.580979,10000.47,BUY,4.410353235815494
0x420ab45e0bd8863569a5efbb9c05d91f40624641,2025-02-19 21:20:00,4093.995906,2996.63,BUY,4.401013133737063
0x420ab45e0bd8863569a5efbb9c05d91f40624641,2025-02-19 21:20:00,4093.743159,2996.45,BUY,4.4007381584654475
0x420ab45e0bd8863569a5efbb9c05d91f40624641,2025-02-19 21:20:00,4093.743159,2996.45,BUY,4.4007381584654475
0x4acb90e786d897ecffb614dc822eb231b4ffb9f4,2025-02-19 21:20:00,4091.846098,36137.11,SELL,4.398674257158026
0xbd5fead7180a9c139fa51a103cb6a2ce86ddb5c3,2025-02-19 21:20:00,-3992.261827,6027.0,SELL,-4.396404507175052
0xb1231a4a2dd02f2276fa3c5e2a2f3436e6bfed23,2025-02-19 21:20:00,4083.371946,2744.68,BUY,4.3894548312185915
0xbee1707d6b44d4d52bfe19e41f8a828645437aab,2024-10-27 03:33:20,-3982.689803,38494.37,SELL,-4.385990654985655
0x430f09841d65beb3f27765503d0f850b8bce7713,2025-02-19 21:20:00,4073.298784,19167.32,SELL,4.378495767581909
0x72c6a4624e1dffa724e6d00d64ceae698af892a0,2025-06-15 15:06:40,-3968.95225,3229.84,SELL,-4.371044929151075
0xbaaaf6571ab7d571043ff1e313a9609a10637864,2025-02-19 21:20:00,4063.862106,53460.0,SELL,4.368229164630335
0xa520ded057a32086c40e7dd6ed4eb8efb82c00e0,2024-10-27 03:33:20,4061.762486,5056.3,SELL,4.365944889921673
0xb1231a4a2dd02f2276fa3c5e2a2f3436e6bfed23,2024-10-27 03:33:20,4058.447049,4058.45,SELL,4.362337871086235
0x75f7eeb85dc639d5e99c78f95393aa9a5f1170d4,2025-02-19 21:20:00,-3960.0,13500.0,BUY,-4.361305358056964
0x72743ae2822edd658c0c50608fd7c5c501b2afbd,2025-02-19 21:20:00,4044.351274,50013.84,BUY,4.347002418798923
0x23e7a7f8d14b550961925fbfdaa92f5d195ba5bd,2025-02-19 21:20:00,4037.871978,63969.34,SELL,4.339953289917158
0xb1231a4a2dd02f2276fa3c5e2a2f3436e6bfed23,2024-10-27 03:33:20,4033.062593,4033.07,SELL,4.33472093524359
0xbd5fead7180a9c139fa51a103cb6a2ce86ddb5c3,2025-02-19 21:20:00,4015.821967,20869.24,BUY,4.315964052601352
0xaf40fdc468c30116bd3307bcbf4a451a7ebf1deb,2025-02-19 21:20:00,4005.321,159189.75,SELL,4.304539559914775
0xbaaaf6571ab7d571043ff1e313a9609a10637864,2025-02-19 21:20:00,4002.835464,50001.68,SELL,4.301835429156701
0x72c6a4624e1dffa724e6d00d64ceae698af892a0,2025-06-15 15:06:40,-3903.0992,5536.73,SELL,-4.299400318886725
0x083384f897ee0f19899168e3b1bec365f52a9012,2024-10-27 03:33:20,-3898.681934,33292.76,BUY,-4.294594568796123
0x8170715b3b381dffb7062c0298972d4727a0a63b,2025-06-15 15:06:40,-3867.35142,10196.48,BUY,-4.260508638608959
0xa520ded057a32086c40e7dd6ed4eb8efb82c00e0,2024-07-03 09:46:40,-3867.1101,36622.28,SELL,-4.260246095304602
0x083384f897ee0f19899168e3b1bec365f52a9012,2025-02-19 21:20:00,3958.691661,44886.55,BUY,4.253809323129398
0x72c6a4624e1dffa724e6d00d64ceae698af892a0,2025-02-19 21:20:00,-3852.37259,8680.54,SELL,-4.244212469523914
0xbd5fead7180a9c139fa51a103cb6a2ce86ddb5c3,2025-02-19 21:20:00,-3837.237877,99999.93,SELL,-4.2277467080390965
0xbee1707d6b44d4d52bfe19e41f8a828645437aab,2024-10-27 03:33:20,3916.765464,20271.48,SELL,4.208195854293387
0x513b8629fe877bb581bf244e326a047b249c4ff1,2025-06-15 15:06:40,-3818.202984,300709.23,SELL,-4.207037758485376
0x083384f897ee0f19899168e3b1bec365f52a9012,2024-10-27 03:33:20,-3783.585388,60289.25,BUY,-4.169375658192243
0xbd5fead7180a9c139fa51a103cb6a2ce86ddb5c3,2025-02-19 21:20:00,3865.94017,14835.19,BUY,4.1529006419956875
0x8170715b3b381dffb7062c0298972d4727a0a63b,2025-02-19 21:20:00,3856.545204,29995.59,BUY,4.142679419478024
0x513b8629fe877bb581bf244e326a047b249c4ff1,2025-06-15 15:06:40,3852.791781,1905487.58,SELL,4.1385958952070565
0x513b8629fe877bb581bf244e326a047b249c4ff1,2025-06-15 15:06:40,3850.191912,555769.87,SELL,4.1357673762357505
0x083384f897ee0f19899168e3b1bec365f52a9012,2025-02-19 21:20:00,3833.81449,56952.5,BUY,4.117949613560753
0x4acb90e786d897ecffb614dc822eb231b4ffb9f4,2025-02-19 21:20:00,3829.47175,88104.9,SELL,4.113224943787987
0x28736f43f1e871e6aa8b1148d38d4994275d72c4,2025-02-19 21:20:00,-3720.62241,20871.33,SELL,-4.100875292303453
0xbaaaf6571ab7d571043ff1e313a9609a10637864,2025-02-19 21:20:00,3816.329517,48093.29,SELL,4.098926894399413
0xbaaaf6571ab7d571043ff1e313a9609a10637864,2025-02-19 21:20:00,3813.374511,70411.88,SELL,4.09571200529103
0x8170715b3b381dffb7062c0298972d4727a0a63b,2025-06-15 15:06:40,-3711.823874,9283.26,BUY,-4.091302953852662
0xbee1707d6b44d4d52bfe19e41f8a828645437aab,2024-10-27 03:33:20,3793.796544,14721.85,SELL,4.074412220156046
0x083384f897ee0f19899168e3b1bec365f52a9012,2025-02-19 21:20:00,3791.656359,15999.47,BUY,4.072083812888371
0x083384f897ee0f19899168e3b1bec365f52a9012,2025-02-19 21:20:00,3791.656359,15999.47,BUY,4.072083812888371
0x083384f897ee0f19899168e3b1bec365f52a9012,2025-02-19 21:20:00,3791.156602,15997.36,BUY,4.071540103895517
0x083384f897ee0f19899168e3b1bec365f52a9012,2025-02-19 21:20:00,3758.379338,18270.38,BUY,4.035880186779883
0xbd5fead7180a9c139fa51a103cb6a2ce86ddb5c3,2025-02-19 21:20:00,-3656.7665,215827.47,SELL,-4.031403463967099
0xbee1707d6b44d4d52bfe19e41f8a828645437aab,2024-10-27 03:33:20,3749.606145,20194.83,SELL,4.026335420163015
0x8170715b3b381dffb7062c0298972d4727a0a63b,2025-06-15 15:06:40,-3651.105774,10002.39,BUY,-4.025244895638323
0xbaaaf6571ab7d571043ff1e313a9609a10637864,2025-02-19 21:20:00,3747.101535,60442.96,SELL,4.023610537909054
0x083384f897ee0f19899168e3b1bec365f52a9012,2025-02-19 21:20:00,3740.160312,77197.05,BUY,4.016058857059147
0x083384f897ee0f19899168e3b1bec365f52a9012,2025-02-19 21:20:00,3736.683089,15767.5,BUY,4.012275823674403
0x271b280974205ca63b716753467d5a371de622ab,2025-06-15 15:06:40,-3636.003462,210213.81,BUY,-4.008814384715433
0x083384f897ee0f19899168e3b1bec365f52a9012,2025-02-19 21:20:00,3726.799416,42257.19,BUY,4.0015229139752275
0x083384f897ee0f19899168e3b1bec365f52a9012,2025-02-19 21:20:00,3726.799416,42257.19,BUY,4.0015229139752275
0x083384f897ee0f19899168e3b1bec365f52a9012,2025-02-19 21:20:00,3726.799416,42257.19,BUY,4.0015229139752275
0x083384f897ee0f19899168e3b1bec365f52a9012,2024-10-27 03:33:20,-3620.981746,24996.82,BUY,-3.9924715579470185
0x083384f897ee0f19899168e3b1bec365f52a9012,2025-02-19 21:20:00,3712.134974,12935.68,BUY,3.985568782286048
0x72c6a4624e1dffa724e6d00d64ceae698af892a0,2025-02-19 21:20:00,3707.99583,7671.23,BUY,3.9810656141152796
0xbee1707d6b44d4d52bfe19e41f8a828645437aab,2024-10-27 03:33:20,3706.809905,48242.99,SELL,3.979775390892092
0xbaaaf6571ab7d571043ff1e313a9609a10637864,2025-02-19 21:20:00,3701.349564,65568.99,SELL,3.97383483076837
0xbaaaf6571ab7d571043ff1e313a9609a10637864,2025-02-19 21:20:00,3691.855172,50029.98,SELL,3.9635054380593466
0x3f9a0aadc7f04a7c9d75dc1b5a6ddd6e36486cf6,2025-02-19 21:20:00,3687.14771,23793.76,SELL,3.9583839701801184
0x083384f897ee0f19899168e3b1bec365f52a9012,2025-02-19 21:20:00,3681.936712,150084.3,BUY,3.952714681957351
0xbd5fead7180a9c139fa51a103cb6a2ce86ddb5c3,2025-02-19 21:20:00,3661.019595,95978.45,SELL,3.92995797296181
0xbd5fead7180a9c139fa51a103cb6a2ce86ddb5c3,2025-02-19 21:20:00,3660.33615,95960.53,SELL,3.9292144212104163
0x513b8629fe877bb581bf244e326a047b249c4ff1,2025-02-19 21:20:00,-3562.300236,16234.03,SELL,-3.928629201159086
0xb1231a4a2dd02f2276fa3c5e2a2f3436e6bfed23,2025-02-19 21:20:00,3643.676406,2001.32,BUY,3.911089507239327
0xb1231a4a2dd02f2276fa3c5e2a2f3436e6bfed23,2025-02-19 21:20:00,3643.676406,2001.32,BUY,3.911089507239327
0xbd5fead7180a9c139fa51a103cb6a2ce86ddb5c3,2025-06-15 15:06:40,-3546.170784,31632.53,BUY,-3.911081216634185
0xb1231a4a2dd02f2276fa3c5e2a2f3436e6bfed23,2024-10-27 03:33:20,3625.487656,3625.49,SELL,3.891301116193723
0x513b8629fe877bb581bf244e326a047b249c4ff1,2025-06-15 15:06:40,3622.511061,807734.64,SELL,3.8880627394034337
0x083384f897ee0f19899168e3b1bec365f52a9012,2025-02-19 21:20:00,3621.638612,147626.41,BUY,3.8871135613686953
0x4f93fead39b70a1824f981a54d4e55b278e9f760,2025-02-19 21:20:00,3620.02934,374999.5,SELL,3.885362759162126
0x083384f897ee0f19899168e3b1bec365f52a9012,2024-10-27 03:33:20,-3513.02685,29999.46,BUY,-3.8750223820918626
0x083384f897ee0f19899168e3b1bec365f52a9012,2024-10-27 03:33:20,-3513.02685,29999.46,BUY,-3.8750223820918626
0x083384f897ee0f19899168e3b1bec365f52a9012,2024-10-27 03:33:20,-3513.02685,29999.46,BUY,-3.8750223820918626
0xbee1707d6b44d4d52bfe19e41f8a828645437aab,2024-10-27 03:33:20,3606.874198,15208.73,SELL,3.8710506654692414
0x513b8629fe877bb581bf244e326a047b249c4ff1,2025-02-19 21:20:00,3603.969558,558739.74,SELL,3.8678905718857512
0x271b280974205ca63b716753467d5a371de622ab,2025-06-15 15:06:40,-3502.658378,135388.81,BUY,-3.8637420369069875
0xbd5fead7180a9c139fa51a103cb6a2ce86ddb5c3,2025-02-19 21:20:00,-3488.25,42250.0,SELL,-3.8480664892087195
0xb899e522b5715391ae1d4f137653e7906c5e2115,2025-02-19 21:20:00,3584.1,76155.0,SELL,3.8462735512764574
0xbaaaf6571ab7d571043ff1e313a9609a10637864,2025-02-19 21:20:00,3582.933589,60333.79,SELL,3.8450045582457166
0x4acb90e786d897ecffb614dc822eb231b4ffb9f4,2025-02-19 21:20:00,3582.394866,74999.12,SELL,3.844418456320666
0x4acb90e786d897ecffb614dc822eb231b4ffb9f4,2025-02-19 21:20:00,3577.391958,74999.54,SELL,3.8389755589324905
0xb1231a4a2dd02f2276fa3c5e2a2f3436e6bfed23,2024-10-27 03:33:20,3573.598,3573.6,SELL,3.8348479347409103
0x72c6a4624e1dffa724e6d00d64ceae698af892a0,2025-06-15 15:06:40,-3467.595,3800.0,SELL,-3.825594949545634
0xb1231a4a2dd02f2276fa3c5e2a2f3436e6bfed23,2025-06-15 15:06:40,3564.718437,5596.97,BUY,3.825187443230605
0x513b8629fe877bb581bf244e326a047b249c4ff1,2025-02-19 21:20:00,3560.855379,576653.78,SELL,3.8209846419201328
0x513b8629fe877bb581bf244e326a047b249c4ff1,2025-06-15 15:06:40,3545.162304,308241.79,SELL,3.8039114123244766
0x083384f897ee0f19899168e3b1bec365f52a9012,2025-02-19 21:20:00,3539.382845,12333.69,BUY,3.7976236688168674
0xbaaaf6571ab7d571043ff1e313a9609a10637864,2025-02-19 21:20:00,3528.660234,65586.85,SELL,3.7859580392657497
0x083384f897ee0f19899168e3b1bec365f52a9012,2025-02-19 21:20:00,3528.485943,52416.75,BUY,3.785768419942612
0x083384f897ee0f19899168e3b1bec365f52a9012,2025-02-19 21:20:00,3527.662081,39999.22,BUY,3.784872101975538
0x083384f897ee0f19899168e3b1bec365f52a9012,2025-02-19 21:20:00,3523.790652,52347.0,BUY,3.7806601934630075
0xb1231a4a2dd02f2276fa3c5e2a2f3436e6bfed23,2024-10-27 03:33:20,3523.09804,3523.1,SELL,3.7799066685039593
0x3998f134d6aaa2b6a5f723806d00fd2bbbbce891,2025-02-19 21:20:00,-3422.562342,13590.62,SELL,-3.7766018166295776
0x083384f897ee0f19899168e3b1bec365f52a9012,2025-02-19 21:20:00,3519.868212,8580.04,BUY,3.776392787699944
0x72c6a4624e1dffa724e6d00d64ceae698af892a0,2025-02-19 21:20:00,3516.405715,7274.86,BUY,3.7726257754187134
0x513b8629fe877bb581bf244e326a047b249c4ff1,2025-02-19 21:20:00,3512.370652,16983.37,SELL,3.768235841831323
0xbd5fead7180a9c139fa51a103cb6a2ce86ddb5c3,2025-02-19 21:20:00,-3413.668176,170673.15,SELL,-3.7669254378332053
0x4acb90e786d897ecffb614dc822eb231b4ffb9f4,2025-02-19 21:20:00,3502.88785,39691.65,SELL,3.757919058424875
0x3998f134d6aaa2b6a5f723806d00fd2bbbbce891,2025-02-19 21:20:00,-3404.997031,13670.0,SELL,-3.7574916940040177
0xb1231a4a2dd02f2276fa3c5e2a2f3436e6bfed23,2024-10-27 03:33:20,3500.02594,3500.03,SELL,3.7548054528050647
0x083384f897ee0f19899168e3b1bec365f52a9012,2025-02-19 21:20:00,3491.236988,142310.94,BUY,3.7452435412357135
0x3998f134d6aaa2b6a5f723806d00fd2bbbbce891,2025-02-19 21:20:00,-3384.997031,13690.0,SELL,-3.7357327594476533
0x420ab45e0bd8863569a5efbb9c05d91f40624641,2024-10-27 03:33:20,3477.795222,7825.29,BUY,3.7306196158999154
0xb1231a4a2dd02f2276fa3c5e2a2f3436e6bfed23,2024-10-27 03:33:20,3472.203292,3472.21,SELL,3.724535893954227
0x083384f897ee0f19899168e3b1bec365f52a9012,2025-02-19 21:20:00,3470.205379,39347.73,BUY,3.722362271043411
0x083384f897ee0f19899168e3b1bec365f52a9012,2025-02-19 21:20:00,3467.84467,126516.84,SELL,3.71979394541153
0x72743ae2822edd658c0c50608fd7c5c501b2afbd,2024-10-27 03:33:20,3459.759216,15671.3,BUY,3.7109974021893053
0xbd5fead7180a9c139fa51a103cb6a2ce86ddb5c3,2025-06-15 15:06:40,-3357.201272,29999.85,BUY,-3.7054924543963796
0xbd5fead7180a9c139fa51a103cb6a2ce86ddb5c3,2025-06-15 15:06:40,-3357.0406,29998.41,BUY,-3.7053176518197275
0xb1231a4a2dd02f2276fa3c5e2a2f3436e6bfed23,2025-02-19 21:20:00,3445.294171,16864.61,SELL,3.6952602038138123
0x420ab45e0bd8863569a5efbb9c05d91f40624641,2025-02-19 21:20:00,3439.154488,17165.77,BUY,3.6885805557841214
0x4f93fead39b70a1824f981a54d4e55b278e9f760,2025-02-19 21:20:00,3438.079422,149999.94,SELL,3.687410941247232
0x4f93fead39b70a1824f981a54d4e55b278e9f760,2025-02-19 21:20:00,3436.245296,149999.67,SELL,3.685415509867126
0xb1231a4a2dd02f2276fa3c5e2a2f3436e6bfed23,2024-03-09 16:00:00,-3334.154664,72758.82,SELL,-3.680418972635471
0xbaaaf6571ab7d571043ff1e313a9609a10637864,2025-02-19 21:20:00,3428.900643,42460.89,SELL,3.677424918668816
0x513b8629fe877bb581bf244e326a047b249c4ff1,2025-06-15 15:06:40,3421.21132,805666.91,SELL,3.6690593448718283
0x513b8629fe877bb581bf244e326a047b249c4ff1,2025-06-15 15:06:40,3421.21132,805666.91,SELL,3.6690593448718283
0x4f93fead39b70a1824f981a54d4e55b278e9f760,2025-02-19 21:20:00,3399.775146,454345.12,SELL,3.6457379295115864
0xbaaaf6571ab7d571043ff1e313a9609a10637864,2025-02-19 21:20:00,3383.113462,66250.9,SELL,3.627610904923845
0x4acb90e786d897ecffb614dc822eb231b4ffb9f4,2025-02-19 21:20:00,3379.89053,53984.95,SELL,3.624104526600465
0xb1231a4a2dd02f2276fa3c5e2a2f3436e6bfed23,2025-02-19 21:20:00,3375.0301,29999.98,BUY,3.6188166376861752
0x39cef799f8b69da1995852eea189df24eb5cae3c,2025-02-19 21:20:00,3371.504864,18533.77,BUY,3.6149813687151884
0xb1231a4a2dd02f2276fa3c5e2a2f3436e6bfed23,2024-10-27 03:33:20,3370.983719,3370.98,SELL,3.614414390717719
0xb1231a4a2dd02f2276fa3c5e2a2f3436e6bfed23,2024-10-27 03:33:20,3364.210469,3364.21,SELL,3.607045455543525
0xb1231a4a2dd02f2276fa3c5e2a2f3436e6bfed23,2024-10-27 03:33:20,3360.885419,3360.89,SELL,3.603427978276193
0x2c229d22b100a7beb69122eed721cee9b24011dd,2024-10-27 03:33:20,3359.100371,24687.68,SELL,3.601485941145594
0x4acb90e786d897ecffb614dc822eb231b4ffb9f4,2025-02-19 21:20:00,3352.827705,499987.77,SELL,3.594661614696198
0x39cef799f8b69da1995852eea189df24eb5cae3c,2025-02-19 21:20:00,-3252.36395,84524.62,BUY,-3.591435032973255
0x4f93fead39b70a1824f981a54d4e55b278e9f760,2025-02-19 21:20:00,3337.404704,224077.1,SELL,3.5778822112251105
0xbd5fead7180a9c139fa51a103cb6a2ce86ddb5c3,2025-06-15 15:06:40,-3238.474824,28887.83,BUY,-3.5763244037893
0xb1231a4a2dd02f2276fa3c5e2a2f3436e6bfed23,2024-10-27 03:33:20,3324.833702,3324.84,SELL,3.5642056307338144
0x430f09841d65beb3f27765503d0f850b8bce7713,2024-10-27 03:33:20,3314.110146,15192.29,SELL,3.552538973073039
0x4acb90e786d897ecffb614dc822eb231b4ffb9f4,2025-02-19 21:20:00,3312.383239,39347.39,SELL,3.5506601902531423
0x513b8629fe877bb581bf244e326a047b249c4ff1,2025-02-19 21:20:00,3310.798374,499997.02,SELL,3.548935941562359
0x083384f897ee0f19899168e3b1bec365f52a9012,2025-02-19 21:20:00,3309.34611,39999.47,BUY,3.5473559556956307
0x8170715b3b381dffb7062c0298972d4727a0a63b,2025-02-19 21:20:00,3305.815512,4999.99,BUY,3.543514853154289
0x8170715b3b381dffb7062c0298972d4727a0a63b,2025-02-19 21:20:00,3303.523487,3996.75,BUY,3.5410212520554616
0xbaaaf6571ab7d571043ff1e313a9609a10637864,2025-02-19 21:20:00,3289.67211,49616.88,SELL,3.525951691772535
0x513b8629fe877bb581bf244e326a047b249c4ff1,2025-06-15 15:06:40,3280.66648,768342.9,SELL,3.5161540460820935
0x8170715b3b381dffb7062c0298972d4727a0a63b,2025-06-15 15:06:40,3267.588166,37163.09,BUY,3.5019255371604143
0x513b8629fe877bb581bf244e326a047b249c4ff1,2025-02-19 21:20:00,3266.217216,806404.08,SELL,3.500434016593912
0x083384f897ee0f19899168e3b1bec365f52a9012,2025-02-19 21:20:00,-3167.75,63375.0,SELL,-3.4993795629429805
0x72c6a4624e1dffa724e6d00d64ceae698af892a0,2025-06-15 15:06:40,-3163.561125,2574.43,SELL,-3.494822290093491
0xbd5fead7180a9c139fa51a103cb6a2ce86ddb5c3,2025-06-15 15:06:40,-3160.57482,28192.94,BUY,-3.4915733493404737
0x4acb90e786d897ecffb614dc822eb231b4ffb9f4,2025-02-19 21:20:00,3256.12763,42955.37,SELL,3.489457084520171
0xbd5fead7180a9c139fa51a103cb6a2ce86ddb5c3,2025-06-15 15:06:40,-3157.43372,28189.8,BUY,-3.488155999873724
0x430f09841d65beb3f27765503d0f850b8bce7713,2024-07-03 09:46:40,3254.653548,9305.2,SELL,3.4878533618317356
0x083384f897ee0f19899168e3b1bec365f52a9012,2025-02-19 21:20:00,3248.84371,60948.39,BUY,3.481532567590482
0xbd5fead7180a9c139fa51a103cb6a2ce86ddb5c3,2025-02-19 21:20:00,-3139.425,38025.0,SELL,-3.4685634718775296
0xb1231a4a2dd02f2276fa3c5e2a2f3436e6bfed23,2025-06-15 15:06:40,3234.898161,5088.0,BUY,3.466360553188303
0x8170715b3b381dffb7062c0298972d4727a0a63b,2025-06-15 15:06:40,-3130.976484,8090.84,BUY,-3.459371936540409
0x75f7eeb85dc639d5e99c78f95393aa9a5f1170d4,2025-02-19 21:20:00,-3124.432682,10643.85,BUY,-3.4522526285670194
0xbee1707d6b44d4d52bfe19e41f8a828645437aab,2024-10-27 03:33:20,-3104.85577,20480.62,SELL,-3.430953991215834
0x083384f897ee0f19899168e3b1bec365f52a9012,2025-02-19 21:20:00,3198.028498,39999.42,BUY,3.4262483239716928
0x513b8629fe877bb581bf244e326a047b249c4ff1,2025-06-15 15:06:40,3192.509133,131931.19,SELL,3.4202435488803085
0x271b280974205ca63b716753467d5a371de622ab,2025-06-15 15:06:40,-3093.48247,249999.23,BUY,-3.418580446696339
0x083384f897ee0f19899168e3b1bec365f52a9012,2025-02-19 21:20:00,-3091.724,61854.0,SELL,-3.4166673250138726
0x513b8629fe877bb581bf244e326a047b249c4ff1,2025-06-15 15:06:40,3183.390891,131930.36,SELL,3.4103233873329537
0x083384f897ee0f19899168e3b1bec365f52a9012,2025-02-19 21:20:00,3175.415152,15436.45,BUY,3.4016462081859715
0x75f7eeb85dc639d5e99c78f95393aa9a5f1170d4,2025-02-19 21:20:00,-3068.5616,10559.37,BUY,-3.391467867725456
0x8170715b3b381dffb7062c0298972d4727a0a63b,2025-06-15 15:06:40,-3068.078838,8091.15,BUY,-3.3909426483872407
0x4f93fead39b70a1824f981a54d4e55b278e9f760,2024-10-27 03:33:20,3154.5744,548305.49,BUY,3.3789725802423005
0x513b8629fe877bb581bf244e326a047b249c4ff1,2025-02-19 21:20:00,3140.769684,602564.6,SELL,3.3639537846416405
0x8170715b3b381dffb7062c0298972d4727a0a63b,2025-06-15 15:06:40,-3040.088308,8091.89,BUY,-3.3604904428638434
0x75f7eeb85dc639d5e99c78f95393aa9a5f1170d4,2025-02-19 21:20:00,-3028.41759,10269.27,BUY,-3.347793323404454
0x4f93fead39b70a1824f981a54d4e55b278e9f760,2025-02-19 21:20:00,-3027.33,41232.15,SELL,-3.346610083422746
0x083384f897ee0f19899168e3b1bec365f52a9012,2025-02-19 21:20:00,3121.126,39037.56,BUY,3.342582502911546
0x083384f897ee0f19899168e3b1bec365f52a9012,2025-02-19 21:20:00,3121.126,39037.56,BUY,3.342582502911546
0x083384f897ee0f19899168e3b1bec365f52a9012,2025-02-19 21:20:00,3119.906,39038.78,BUY,3.341255207903607
0x083384f897ee0f19899168e3b1bec365f52a9012,2025-02-19 21:20:00,3119.906,39038.78,BUY,3.341255207903607
0x083384f897ee0f19899168e3b1bec365f52a9012,2025-02-19 21:20:00,3118.686,39040.0,BUY,3.339927912895669
0x083384f897ee0f19899168e3b1bec365f52a9012,2025-02-19 21:20:00,3118.686,39040.0,BUY,3.339927912895669
0xb1231a4a2dd02f2276fa3c5e2a2f3436e6bfed23,2024-10-27 03:33:20,3117.123343,3117.12,SELL,3.338227825325817
0xb1231a4a2dd02f2276fa3c5e2a2f3436e6bfed23,2024-10-27 03:33:20,3114.115723,3114.12,SELL,3.334955694988296
0x430f09841d65beb3f27765503d0f850b8bce7713,2025-02-19 21:20:00,3112.226048,14644.89,SELL,3.3328998292554064
0xb1231a4a2dd02f2276fa3c5e2a2f3436e6bfed23,2024-10-27 03:33:20,3110.971393,3110.97,SELL,3.3315348314536153
0x083384f897ee0f19899168e3b1bec365f52a9012,2025-02-19 21:20:00,3110.694163,35271.33,BUY,3.3312332199822627
0xb1231a4a2dd02f2276fa3c5e2a2f3436e6bfed23,2024-10-27 03:33:20,3107.827063,3107.83,SELL,3.328113967918935
0xaf40fdc468c30116bd3307bcbf4a451a7ebf1deb,2025-02-19 21:20:00,3107.619785,86600.0,SELL,3.327888460497086
0x420ab45e0bd8863569a5efbb9c05d91f40624641,2025-02-19 21:20:00,3106.205388,16418.94,BUY,3.3263496719091004
0xb1231a4a2dd02f2276fa3c5e2a2f3436e6bfed23,2024-10-27 03:33:20,3104.682733,3104.68,SELL,3.3246931043842545
0xb1231a4a2dd02f2276fa3c5e2a2f3436e6bfed23,2024-10-27 03:33:20,3101.675113,3101.68,SELL,3.3214209740467333
0x23e7a7f8d14b550961925fbfdaa92f5d195ba5bd,2025-02-19 21:20:00,-3003.330755,52564.88,SELL,-3.3205001833548886
0xb1231a4a2dd02f2276fa3c5e2a2f3436e6bfed23,2024-10-27 03:33:20,3098.530783,3098.53,SELL,3.3180001105120533
0xb1231a4a2dd02f2276fa3c5e2a2f3436e6bfed23,2024-10-27 03:33:20,3098.530783,3098.53,SELL,3.3180001105120533
0x083384f897ee0f19899168e3b1bec365f52a9012,2025-02-19 21:20:00,3095.962328,99132.62,BUY,3.3152057682992546
0xb1231a4a2dd02f2276fa3c5e2a2f3436e6bfed23,2024-10-27 03:33:20,3095.386453,3095.39,SELL,3.3145792469773725
0xb1231a4a2dd02f2276fa3c5e2a2f3436e6bfed23,2024-10-27 03:33:20,3095.386453,3095.39,SELL,3.3145792469773725
0xb1231a4a2dd02f2276fa3c5e2a2f3436e6bfed23,2025-06-15 15:06:40,3093.819337,4862.7,BUY,3.3128743082530607
0xb1231a4a2dd02f2276fa3c5e2a2f3436e6bfed23,2024-10-27 03:33:20,3092.378833,3092.38,SELL,3.3113071166398518
0x4acb90e786d897ecffb614dc822eb231b4ffb9f4,2025-02-19 21:20:00,3088.0,166444.0,BUY,3.306543179605839
0x4acb90e786d897ecffb614dc822eb231b4ffb9f4,2025-02-19 21:20:00,3085.381364,52106.29,SELL,3.3036942431382923
0x4acb90e786d897ecffb614dc822eb231b4ffb9f4,2025-02-19 21:20:00,3085.381364,52106.29,SELL,3.3036942431382923
0x72c6a4624e1dffa724e6d00d64ceae698af892a0,2025-02-19 21:20:00,3083.25,9110.0,BUY,3.301375432648703
0x72743ae2822edd658c0c50608fd7c5c501b2afbd,2024-10-27 03:33:20,3082.862952,13964.11,BUY,3.300954345043594
0x083384f897ee0f19899168e3b1bec365f52a9012,2025-02-19 21:20:00,3081.549099,38542.55,BUY,3.2995249429714097
0x083384f897ee0f19899168e3b1bec365f52a9012,2025-02-19 21:20:00,3080.293423,38543.12,BUY,3.29815883437601
0x4acb90e786d897ecffb614dc822eb231b4ffb9f4,2025-02-19 21:20:00,3078.211234,40608.27,SELL,3.295893523666761
0xb1231a4a2dd02f2276fa3c5e2a2f3436e6bfed23,2024-10-27 03:33:20,3072.694641,3072.7,SELL,3.289891764363706
0x083384f897ee0f19899168e3b1bec365f52a9012,2025-02-19 21:20:00,3072.139339,34834.17,BUY,3.289287625369855
0x72c6a4624e1dffa724e6d00d64ceae698af892a0,2025-02-19 21:20:00,3069.287575,9505.12,BUY,3.286185058057545
0xb1231a4a2dd02f2276fa3c5e2a2f3436e6bfed23,2024-10-27 03:33:20,3068.108601,3068.11,SELL,3.2849023971520626
0x72c6a4624e1dffa724e6d00d64ceae698af892a0,2025-02-19 21:20:00,3067.2796,8306.58,BUY,3.2840004882267544
0xb1231a4a2dd02f2276fa3c5e2a2f3436e6bfed23,2024-10-27 03:33:20,3062.197235,3062.2,SELL,3.278471145855427
0x083384f897ee0f19899168e3b1bec365f52a9012,2025-02-19 21:20:00,3057.189163,14861.72,BUY,3.273022630310349
0xb1231a4a2dd02f2276fa3c5e2a2f3436e6bfed23,2025-02-19 21:20:00,3056.6,22395.0,BUY,3.272381652352347
0x92f17e8d81a944691c10e753af1b1baae1a2cd0d,2025-02-19 21:20:00,3051.64902,50860.82,SELL,3.2669952498618535
0xbd5fead7180a9c139fa51a103cb6a2ce86ddb5c3,2025-02-19 21:20:00,-2947.082895,35695.33,SELL,-3.2593055081211113
0xb1231a4a2dd02f2276fa3c5e2a2f3436e6bfed23,2024-10-27 03:33:20,3041.188019,3041.19,SELL,3.255614238054201
0xb1231a4a2dd02f2276fa3c5e2a2f3436e6bfed23,2024-10-27 03:33:20,3038.109269,3038.11,SELL,3.2522647220659304
0xbd5fead7180a9c139fa51a103cb6a2ce86ddb5c3,2025-06-15 15:06:40,-2939.446048,26243.59,BUY,-3.2509970254166127
0xb1231a4a2dd02f2276fa3c5e2a2f3436e6bfed23,2024-10-27 03:33:20,3035.349694,3035.35,SELL,3.2492624514745114
0xb1231a4a2dd02f2276fa3c5e2a2f3436e6bfed23,2024-10-27 03:33:20,3035.153669,3035.15,SELL,3.2490491867171905
0x4f93fead39b70a1824f981a54d4e55b278e9f760,2025-02-19 21:20:00,-2936.84647,39999.77,SELL,-3.2481688230378047
0x72743ae2822edd658c0c50608fd7c5c501b2afbd,2025-02-19 21:20:00,3032.402332,37499.73,BUY,3.2460558786309157
0x4acb90e786d897ecffb614dc822eb231b4ffb9f4,2025-02-19 21:20:00,3028.08255,39493.82,SELL,3.2413561859391278
0xbd5fead7180a9c139fa51a103cb6a2ce86ddb5c3,2025-06-15 15:06:40,-2925.373248,26117.95,BUY,-3.2356865687053724
0xa520ded057a32086c40e7dd6ed4eb8efb82c00e0,2025-02-19 21:20:00,3015.977745,15141.41,SELL,3.2281868029485
0xbd5fead7180a9c139fa51a103cb6a2ce86ddb5c3,2025-02-19 21:20:00,3013.206,7823.97,BUY,3.2251712920454034
0x513b8629fe877bb581bf244e326a047b249c4ff1,2025-06-15 15:06:40,-2911.557176,399999.15,BUY,-3.2206554183816714
0xae5eacaf9c6b9111fd53034a602c192a04e082ed,2024-10-27 03:33:20,3008.231185,22156.95,SELL,3.2197589583446526
0xb1231a4a2dd02f2276fa3c5e2a2f3436e6bfed23,2024-10-27 03:33:20,3002.938208,3002.94,SELL,3.2140004813370853
0x4f93fead39b70a1824f981a54d4e55b278e9f760,2024-03-09 16:00:00,-2905.064028,23983.5,SELL,-3.2135912192618323
0x8170715b3b381dffb7062c0298972d4727a0a63b,2025-02-19 21:20:00,3000.94938,6245.01,BUY,3.211836742422292
0xb1231a4a2dd02f2276fa3c5e2a2f3436e6bfed23,2024-10-27 03:33:20,2999.623912,2999.63,SELL,3.2103947038488645
0xbd5fead7180a9c139fa51a103cb6a2ce86ddb5c3,2025-02-19 21:20:00,-2896.814325,12165.55,BUY,-3.20461598187751
0xbd5fead7180a9c139fa51a103cb6a2ce86ddb5c3,2025-02-19 21:20:00,2990.198376,29999.46,SELL,3.2001402227997313
0x083384f897ee0f19899168e3b1bec365f52a9012,2025-02-19 21:20:00,2986.808695,10408.13,BUY,3.196452430447434
0x3998f134d6aaa2b6a5f723806d00fd2bbbbce891,2025-02-19 21:20:00,-2888.882589,11555.54,SELL,-3.195986675650392
0xbd5fead7180a9c139fa51a103cb6a2ce86ddb5c3,2025-06-15 15:06:40,-2888.511198,25777.46,BUY,-3.1955826220272012
0xbee1707d6b44d4d52bfe19e41f8a828645437aab,2024-10-27 03:33:20,2979.554311,80355.76,SELL,3.188560047112297
0x4f93fead39b70a1824f981a54d4e55b278e9f760,2025-02-19 21:20:00,2974.9544,288887.13,SELL,3.183555588991592
0x92f17e8d81a944691c10e753af1b1baae1a2cd0d,2025-02-19 21:20:00,2959.5,60370.0,SELL,3.166742025081198
0x083384f897ee0f19899168e3b1bec365f52a9012,2025-02-19 21:20:00,2957.069857,14375.02,BUY,3.1640981589562176
0x72c6a4624e1dffa724e6d00d64ceae698af892a0,2025-02-19 21:20:00,2955.435055,9288.3,BUY,3.162319581469687
0x083384f897ee0f19899168e3b1bec365f52a9012,2025-02-19 21:20:00,2946.151008,6375.86,BUY,3.1522190329151263
0x513b8629fe877bb581bf244e326a047b249c4ff1,2025-02-19 21:20:00,2941.831368,456085.45,SELL,3.147519494711774
0x083384f897ee0f19899168e3b1bec365f52a9012,2025-02-19 21:20:00,2932.57258,14255.93,BUY,3.1374464266036113
0xbd5fead7180a9c139fa51a103cb6a2ce86ddb5c3,2025-02-19 21:20:00,2931.413112,4168.03,BUY,3.1361849871870016
0xbd5fead7180a9c139fa51a103cb6a2ce86ddb5c3,2025-02-19 21:20:00,2930.620624,4166.91,BUY,3.1353228024605664
0xbaaaf6571ab7d571043ff1e313a9609a10637864,2025-02-19 21:20:00,2929.02896,71999.33,SELL,3.13359115681998
0x92f17e8d81a944691c10e753af1b1baae1a2cd0d,2025-02-19 21:20:00,2925.197102,50171.51,SELL,3.129422299447416
0x4acb90e786d897ecffb614dc822eb231b4ffb9f4,2025-02-19 21:20:00,2922.1422,45940.65,SELL,3.1260987288127104
0x75f7eeb85dc639d5e99c78f95393aa9a5f1170d4,2025-02-19 21:20:00,2921.81436,31156.8,SELL,3.1257420563574625
0x92f17e8d81a944691c10e753af1b1baae1a2cd0d,2025-06-15 15:06:40,2919.84,31167.02,SELL,3.123594057855928
0x4f93fead39b70a1824f981a54d4e55b278e9f760,2025-02-19 21:20:00,2915.725224,139999.51,SELL,3.1191174007710223
0x083384f897ee0f19899168e3b1bec365f52a9012,2025-02-19 21:20:00,2908.285,10134.5,BUY,3.111022833415988
0xb1231a4a2dd02f2276fa3c5e2a2f3436e6bfed23,2024-10-27 03:33:20,2904.809369,2904.81,SELL,3.1072415320424347
0x8477e447846c758f5a675856001ea72298fd9cb5,2024-07-03 09:46:40,-2806.5,11793.6,BUY,-3.106358807518649
0xb1231a4a2dd02f2276fa3c5e2a2f3436e6bfed23,2024-10-27 03:33:20,2903.48313,2903.48,SELL,3.1057986546620797
0x513b8629fe877bb581bf244e326a047b249c4ff1,2025-02-19 21:20:00,2901.184764,722527.11,SELL,3.103298154893051
0xbaaaf6571ab7d571043ff1e313a9609a10637864,2025-02-19 21:20:00,2898.943241,45331.9,SELL,3.1008594972798718
0x72c6a4624e1dffa724e6d00d64ceae698af892a0,2025-02-19 21:20:00,2898.485875,5996.49,BUY,3.1003619074367563
0x083384f897ee0f19899168e3b1bec365f52a9012,2025-02-19 21:20:00,2898.396831,10100.04,BUY,3.1002650323083247
0x083384f897ee0f19899168e3b1bec365f52a9012,2025-02-19 21:20:00,2884.557916,42851.0,BUY,3.0852090300175203
0xbee1707d6b44d4d52bfe19e41f8a828645437aab,2024-10-27 03:33:20,2872.799131,29365.16,SELL,3.0724160983536524
0x083384f897ee0f19899168e3b1bec365f52a9012,2025-02-19 21:20:00,-2773.03008,124903.88,SELL,-3.0699453175743114
0xb1231a4a2dd02f2276fa3c5e2a2f3436e6bfed23,2024-10-27 03:33:20,2866.16093,2866.16,SELL,3.0651940892971026
0xb1231a4a2dd02f2276fa3c5e2a2f3436e6bfed23,2024-07-03 09:46:40,2864.819447,11703.65,BUY,3.0637346272568284
0xb1231a4a2dd02f2276fa3c5e2a2f3436e6bfed23,2024-10-27 03:33:20,2864.335931,2864.34,SELL,3.063208587606781
0x513b8629fe877bb581bf244e326a047b249c4ff1,2025-02-19 21:20:00,-2762.143559,139986.59,SELL,-3.0581013626750373
0xbd5fead7180a9c139fa51a103cb6a2ce86ddb5c3,2025-02-19 21:20:00,2857.761536,3806.01,BUY,3.0560559960791465
0x8170715b3b381dffb7062c0298972d4727a0a63b,2025-02-19 21:20:00,-2758.9287,18898.22,SELL,-3.0546037673455904
0x513b8629fe877bb581bf244e326a047b249c4ff1,2025-02-19 21:20:00,-2758.652225,35064.34,BUY,-3.0543029772740167
0xbd5fead7180a9c139fa51a103cb6a2ce86ddb5c3,2025-02-19 21:20:00,-2752.443746,4153.5,SELL,-3.0475484828612385
0x083384f897ee0f19899168e3b1bec365f52a9012,2025-02-19 21:20:00,2833.1954,32124.85,BUY,3.0293293488028095
0x430f09841d65beb3f27765503d0f850b8bce7713,2024-07-03 09:46:40,2833.144128,7897.73,SELL,3.0292735675981803
0xbd5fead7180a9c139fa51a103cb6a2ce86ddb5c3,2025-06-15 15:06:40,-2734.873776,24427.95,BUY,-3.0284332914918743
0x420ab45e0bd8863569a5efbb9c05d91f40624641,2025-02-19 21:20:00,2831.137232,13999.01,BUY,3.027090171661909
0xbd5fead7180a9c139fa51a103cb6a2ce86ddb5c3,2025-02-19 21:20:00,2825.329085,74069.72,SELL,3.020771217138572
0x8170715b3b381dffb7062c0298972d4727a0a63b,2025-06-15 15:06:40,-2723.086548,6970.41,BUY,-3.0156094153592274
0x39cef799f8b69da1995852eea189df24eb5cae3c,2025-02-19 21:20:00,-2712.027476,45505.36,BUY,-3.0035777341641214
